Employee_ID,Employee_Name,Department,Total_Hours_Worked,Tasks_Completed,Productivity_Score,Overtime_Hours,Satisfaction_Score,Salary
E0001,Raymond Dillon,Operations,168,31,3.61,6,3.97,58741
E0002,Tammy Gilmore,Sales,215,37,4.98,14,3.89,44200
E0003,William Hays,Finance,195,44,3.07,22,2.37,53205
E0004,Brian Fuller,Finance,184,29,3.46,12,3.93,35447
E0005,Michael Barnett,HR,189,51,4.25,17,4.38,78249
E0006,Jeremy Beck,HR,106,27,4.48,25,1.7,135114
E0007,Crystal Mitchell,Finance,198,26,4.14,0,2.21,80037
E0008,Mr. Bradley Bates MD,Finance,200,52,3.76,29,2.85,85628
E0009,Cheryl Ward,IT,173,42,3.45,8,4.98,147341
E0010,Angela Smith,Finance,102,12,4.47,4,2.01,78469
E0011,Kathryn Delgado,R&D,132,50,4.99,12,3.46,78363
E0012,Karen Berg,R&D,114,40,4.6,22,2,77514
E0013,Christy Malone,Operations,175,8,3.94,3,1.69,34829
E0014,Hannah Anderson,Operations,135,6,4.82,16,3.68,40865
E0015,Heather Cooper,Finance,161,28,3.77,10,2.09,78295
E0016,Rachel Wilson,R&D,195,37,3.28,29,3.53,74733
E0017,Judith Frederick,HR,161,49,3.82,21,1.64,105449
E0018,Holly Patel,Finance,108,31,4.21,7,2.74,100537
E0019,Michael Johnston,Sales,161,5,4.95,22,1.49,135052
E0020,Mary Brock,R&D,138,19,3.27,20,4.04,73619
E0021,Jennifer Spears,Operations,178,50,4.29,14,3.16,127713
E0022,Sheila Gross,IT,107,21,4.08,18,2.6,70014
E0023,Jason Rivera,Finance,158,43,4.87,23,4.4,67671
E0024,Daniel Jacobs,Finance,123,24,4.57,13,3.74,46502
E0025,Lisa Harris,HR,104,45,3.15,26,2.51,97369
E0026,Curtis Farmer,Marketing,219,14,4.82,9,2.75,62444
E0027,Frank Brown,Sales,150,18,4.89,13,1.41,32220
E0028,Erin Mclaughlin,Marketing,167,32,4.52,9,3.9,59698
E0029,Jasmin Strickland,Marketing,101,12,4.6,11,4.37,74358
E0030,Zachary Johnson,Marketing,171,54,3.43,18,4.94,98344
E0031,Jose Boyd,Finance,150,12,3.35,5,3.55,38620
E0032,Brian Brown,Operations,196,23,4.4,15,2.77,47559
E0033,Laura Williams,Operations,213,47,2.94,17,2.89,81692
E0034,Thomas Ryan,Finance,116,9,3.41,3,3.81,142331
E0035,Amy Hill,IT,157,40,4.17,17,4.31,82483
E0036,Emily Ortiz,Marketing,101,42,4.45,22,2.04,127957
E0037,Elizabeth Petty,Sales,148,23,2.91,26,4.73,55374
E0038,Jack Smith,Operations,194,37,2.57,22,4.9,125564
E0039,Brent Garrett,Operations,176,50,3.18,10,4.61,47432
E0040,Emily Cox,Operations,186,45,4.46,10,3.19,97845
E0041,Katherine Black,IT,217,15,2.51,9,4.55,138789
E0042,Jennifer Hansen,Operations,123,37,3.51,21,4.36,82048
E0043,Rhonda Briggs,Sales,205,58,2.78,19,2.43,141071
E0044,Scott Molina,IT,194,34,4.49,25,1.55,108672
E0045,Shannon Brown,R&D,131,43,2.53,22,1.46,48194
E0046,Donald Stephens,Finance,219,22,4.45,23,3.25,79555
E0047,William Horn,HR,149,42,2.73,10,1.37,134496
E0048,Brian Keller,Finance,140,60,2.85,19,3.13,35404
E0049,Robert Martinez,R&D,181,36,4.47,12,2.68,109167
E0050,Loretta Woods,Marketing,106,58,2.6,16,2.09,46194
E0051,Jose Hamilton,Finance,154,16,4.25,2,4.34,105720
E0052,Timothy Williams,Operations,138,53,2.51,5,1.37,136871
E0053,Elizabeth Hudson,R&D,196,43,2.61,23,1.23,44593
E0054,Elizabeth Moss,Sales,183,58,3.43,5,1.47,146644
E0055,Angela Johnson,R&D,129,36,3.19,11,2.92,37282
E0056,Patrick Castro,Finance,130,54,4.53,23,3.69,135432
E0057,Kayla Whitaker,R&D,114,35,4.14,7,4.3,40351
E0058,Samantha Smith,IT,127,5,4.31,0,1.4,105994
E0059,Denise Ortiz,Sales,187,23,4.42,14,4.94,72950
E0060,Brenda Vazquez,Sales,122,10,3.86,4,1.66,87793
E0061,Patricia Glover,IT,176,39,4.49,13,3.75,58250
E0062,Derek Curry,Marketing,217,58,3.39,27,2.64,115594
E0063,Amber Mclaughlin,HR,131,39,4.22,22,2.53,52999
E0064,John Neal,Finance,103,34,3.8,22,4.02,48774
E0065,Matthew Mcgee,Marketing,120,25,2.6,27,2.6,35577
E0066,Timothy Chandler,R&D,133,41,2.94,25,1.48,111775
E0067,Elizabeth Edwards,IT,130,5,2.82,1,1.11,101834
E0068,Chelsea Wallace,Sales,216,30,3.9,25,1.17,136791
E0069,Emily Evans,HR,207,30,4.89,4,3.76,59436
E0070,Ryan Hamilton,R&D,173,37,4.22,14,2.18,69502
E0071,Debra Howard,Sales,156,8,2.92,30,3.36,89385
E0072,Kevin Roman,R&D,198,14,3.57,3,2.1,138788
E0073,Sherry Briggs,R&D,114,42,4.19,23,4.65,149878
E0074,Timothy Summers,Finance,151,11,4.95,29,4.43,67464
E0075,David Rose,HR,167,9,4.78,6,1.51,46463
E0076,Jodi Thompson,Operations,133,25,4.59,16,4.38,114510
E0077,Susan Reed MD,R&D,201,46,4.33,8,1.81,83633
E0078,Alexander Oconnor,IT,107,36,5,1,1.37,91890
E0079,Mr. Ryan Richardson DDS,Marketing,211,38,3.05,7,1.05,82837
E0080,William Morris,Sales,184,34,4.77,20,2.43,73638
E0081,Dawn Reed,IT,189,10,4.4,5,4.76,66842
E0082,Tamara Gonzalez,Sales,182,46,4.11,30,4.64,33909
E0083,Stacie Perry MD,HR,133,8,4.65,5,1.19,119987
E0084,Christopher Dunn,R&D,192,5,4.95,18,3.61,67576
E0085,Kimberly Sandoval,Marketing,129,35,2.52,12,3.51,115126
E0086,Jose Rasmussen,Sales,111,53,3.88,28,1.28,94566
E0087,John Henry,Finance,131,32,2.79,1,4.75,76218
E0088,Nicholas Lawrence,Operations,147,13,3.22,1,1.86,114754
E0089,Richard Meyer,Sales,154,21,3.78,23,4.31,106368
E0090,Anthony Harris DDS,Sales,154,20,3.3,2,4.94,73376
E0091,Tara Wilson,IT,187,22,2.75,0,3.64,138729
E0092,Cynthia Valdez,IT,179,38,4.53,4,3.32,85388
E0093,Robert Jensen,R&D,143,31,2.82,13,4.58,95332
E0094,Mr. Michael Nguyen,HR,186,48,2.81,17,1.35,97367
E0095,Lauren Lester,Marketing,101,43,3.71,7,4.14,120811
E0096,Neil Garza,Sales,110,35,3.49,6,2.26,96581
E0097,Holly Carlson,Sales,195,28,4.75,17,3.1,77098
E0098,Angela Buchanan,HR,176,38,4.61,14,2.81,55158
E0099,Edward Miller,Operations,124,49,3.57,1,2.27,58936
E0100,Natasha Lang,Operations,166,12,3.59,10,1.51,49587
E0101,Leah Boyd,R&D,187,41,4.76,4,3.77,72156
E0102,Jessica Miller,Finance,146,9,3.47,24,4.06,97248
E0103,Matthew Clark,Finance,170,13,4.82,7,3.46,102816
E0104,Julia Campbell,Operations,109,25,3.68,10,1.6,110575
E0105,Tiffany Glover,HR,218,9,2.91,18,4.59,141806
E0106,Jacob Morales,Finance,131,14,2.85,23,2.24,51749
E0107,Caroline Bernard,Sales,154,45,3.99,23,4.56,53796
E0108,Geoffrey Griffin,Finance,140,19,2.62,11,4.66,34149
E0109,Jonathan Edwards,HR,176,37,4.75,19,4.71,85851
E0110,Curtis Young,HR,187,39,4.39,7,4.73,134160
E0111,Vernon Ward,Marketing,140,14,4.49,20,1.76,96507
E0112,Mr. Christopher Reynolds,IT,103,9,4.26,10,2.76,102357
E0113,Maria Cook,Sales,169,6,3.84,5,2.74,78870
E0114,Susan Shannon,R&D,117,32,2.72,21,3.15,105682
E0115,Kristina Martin,R&D,215,25,4.79,5,3.34,70813
E0116,Samantha Garza,Finance,113,34,4.39,1,4.53,121064
E0117,Kelly Smith,Sales,121,12,3.79,21,2.82,73759
E0118,Maria Reed,R&D,144,55,4.71,12,1.44,75769
E0119,Julia Hicks,IT,100,46,3.67,23,1.35,89023
E0120,Rebecca Davis,Finance,150,24,4.82,24,4.97,89582
E0121,Manuel King,IT,170,33,3.24,1,2.67,124839
E0122,Yvonne Johnson,Finance,185,57,4.22,3,2.09,96322
E0123,Michael Reyes,HR,143,57,2.55,29,4.07,74953
E0124,Michael Brown,Finance,213,55,4.11,21,2.64,85260
E0125,Logan Murray,Marketing,105,7,4.67,24,3.69,147220
E0126,Stephen Davis,IT,127,36,2.99,21,3.67,73696
E0127,Lauren Scott DVM,Sales,174,42,3.21,0,1.77,78204
E0128,William Reyes,R&D,136,43,3.72,12,3.48,52547
E0129,Deborah Flores DVM,Sales,179,16,3.52,21,2.26,145132
E0130,Donald Rodriguez,Operations,161,60,2.81,18,2.02,112426
E0131,Ryan Allen,HR,159,51,3.67,6,2.79,99360
E0132,Robert Johnson,Operations,116,37,4.51,24,1.12,56621
E0133,April Thompson,HR,125,7,4.64,30,4.76,44925
E0134,Kimberly Smith,Sales,168,35,2.6,0,4.1,83087
E0135,Penny Rosales,HR,166,23,3.02,9,3.65,109650
E0136,Ian Shannon,Marketing,127,52,3.66,25,2.03,65735
E0137,Stuart Murray,IT,156,54,3.7,14,3.89,80006
E0138,Cheryl Joseph,HR,167,40,4.42,7,2.15,52004
E0139,Shawn Mason,Finance,164,31,3.92,3,3.15,105543
E0140,Jasmine Lester,Marketing,186,59,2.67,23,3.78,78889
E0141,David Rodgers,Sales,117,49,4.64,21,4.83,85111
E0142,Emily Krueger,HR,171,47,2.93,17,1.91,147803
E0143,Michelle Thompson,Operations,186,48,4.29,2,3.02,81636
E0144,Kevin Boone,Operations,131,37,3.86,7,3.5,121060
E0145,Michele Martinez,IT,135,27,3.78,2,4.67,133134
E0146,Timothy Boyd,IT,161,44,2.74,7,4.92,84094
E0147,Tara Cortez,Finance,165,54,3.73,21,2.07,96172
E0148,Daniel Martin,Operations,119,9,4.24,3,2.98,87136
E0149,Colleen Miller,IT,181,33,3.94,0,2.6,91636
E0150,Melanie Allen,IT,216,32,2.61,22,3.21,111398
E0151,Christopher Brandt,Sales,195,9,4.98,13,2.1,54799
E0152,Laura Mcpherson,Finance,141,32,2.94,16,3.84,87154
E0153,Rose Jacobs MD,HR,154,38,3.37,8,3.06,32533
E0154,Michael Mccoy,IT,188,55,3.78,15,3.89,102815
E0155,Alexis Castro,R&D,157,47,2.66,13,4.29,82383
E0156,Michael Pollard,HR,189,15,4.29,8,4.29,79978
E0157,Elizabeth Rivera,Sales,101,9,4.61,18,2.5,119152
E0158,Nicole Gonzalez,Finance,197,38,3.87,20,4.72,44498
E0159,Adam Davis,Finance,180,41,3.81,7,1.44,68580
E0160,Matthew Gonzalez,HR,195,11,4.17,14,4.76,108885
E0161,Kathy Smith,Marketing,183,44,4.02,13,3.23,42502
E0162,Martin Price,Sales,183,8,4.76,3,2.8,36549
E0163,Joanna Sanchez,IT,115,49,2.54,14,2.42,149415
E0164,Christopher Martinez,Operations,189,53,4.84,18,3.61,120210
E0165,John Grant,Sales,125,10,4.97,16,4.71,123916
E0166,Ann Davis,Operations,142,50,4.38,15,3.32,98935
E0167,Emily Jones,Finance,186,58,3.39,1,1.15,68763
E0168,Angela Cline,Marketing,202,25,3.82,29,4.63,128995
E0169,Amy Johnson,R&D,131,59,4.69,18,2.38,133457
E0170,Carol Turner,IT,118,29,2.72,24,4.59,47281
E0171,Carrie Jimenez,HR,196,34,4.47,8,4.85,59216
E0172,Heather Santos,Marketing,130,16,3.15,25,2.38,149829
E0173,Dr. Scott Wilson MD,HR,169,39,3.67,10,3.82,129984
E0174,Anthony Dawson,HR,103,57,3.36,10,2.38,75271
E0175,Tina Hart,IT,118,47,3.97,6,4.95,121485
E0176,David Sampson,Sales,185,12,4.51,22,4.83,86682
E0177,Jessica Santos,R&D,101,33,4.69,2,1.97,61686
E0178,Robert Brooks,HR,191,51,3.72,24,1.37,46400
E0179,Laura James,Finance,173,49,2.58,5,3.7,53484
E0180,Kristin Williams,Operations,141,14,3.41,1,4.11,88062
E0181,Maurice Patton,Sales,135,52,3.06,30,2.77,50980
E0182,Joe Bird,IT,167,60,3.94,19,3.17,79476
E0183,Caleb Floyd,IT,210,27,2.7,28,1.22,78461
E0184,Robert Castro,HR,114,6,3.46,4,3.41,49336
E0185,Samantha Potter MD,Sales,196,13,4.84,26,4.9,88193
E0186,Matthew Ray,Marketing,113,60,3,11,2.95,64333
E0187,Jennifer Carrillo,IT,187,8,3.85,1,4.83,136144
E0188,Cheryl Walter,Operations,116,46,2.75,22,3.74,90295
E0189,Eric Dalton,Operations,216,53,3.46,4,1.31,99317
E0190,Charlene Miller,Marketing,210,21,4.18,4,3.08,141107
E0191,Christina Martin,Operations,144,5,3.39,25,4.42,119241
E0192,Joshua King,R&D,216,30,4.69,9,3.78,93089
E0193,Tamara Moore,IT,219,53,4.41,29,3.89,146449
E0194,Kathy Deleon,Sales,119,57,3.38,21,2.63,59040
E0195,Brandy Alvarez,HR,214,39,2.79,4,4.33,62648
E0196,Joseph Anderson,HR,185,54,2.61,14,4.12,109217
E0197,Elizabeth Stone,R&D,159,12,4.34,16,2.54,141834
E0198,Tracey Smith,IT,154,16,3.62,28,2.46,117353
E0199,Leslie Barrera,HR,198,11,3.55,11,3.37,39356
E0200,Robert Martin,IT,111,43,3.89,4,3.79,42688
E0201,Rebecca Gonzales,Operations,172,40,2.72,14,3.22,147327
E0202,Dakota Jarvis,HR,182,7,4.75,29,2.47,54847
E0203,Erica Johnson,Operations,206,12,4.55,29,4.18,88530
E0204,Patrick Watson,Operations,100,26,2.62,4,2.11,93608
E0205,Jennifer Hendricks,R&D,132,41,4.49,15,2.23,42402
E0206,Crystal Wilson,Sales,139,51,3.88,29,3.95,64813
E0207,Christopher Gill,IT,174,10,3.73,18,4.14,74082
E0208,Alan Long,Marketing,220,53,3.09,14,2.56,112009
E0209,Caitlin Lambert,HR,199,35,3.7,5,4.07,50991
E0210,Laura Flores,Operations,120,10,3.67,22,1.45,100879
E0211,Robert Greer,HR,170,12,3.26,5,2.01,122815
E0212,Gregory Gomez,Sales,188,12,4.73,24,4.71,40666
E0213,William Moon,HR,190,40,2.98,3,3.3,38860
E0214,Timothy Simpson,HR,199,41,2.68,7,4.76,103951
E0215,Steven Robinson,R&D,197,27,4.65,7,4.65,117277
E0216,Tina Jordan,Sales,118,39,2.95,27,1.29,35825
E0217,Dillon Andrews,Marketing,217,44,3.01,26,2.07,131879
E0218,Cynthia Kline,Marketing,183,14,3.86,21,3.07,102263
E0219,Laura Espinoza,Sales,151,27,3.28,1,2.12,66636
E0220,Sherry Perry,IT,138,25,3.09,30,4.35,107441
E0221,Savannah Johns,IT,112,28,4.57,19,1.02,133323
E0222,Deborah Tapia,HR,105,54,3.24,19,3.53,107956
E0223,Alicia Mitchell,Marketing,108,5,4.73,3,4.43,61308
E0224,Kayla Vega,R&D,216,20,4.92,6,4.13,83132
E0225,Greg Martinez,Sales,122,49,2.57,27,4.7,79131
E0226,Christopher Andrade,HR,144,57,3.54,22,2.23,81647
E0227,Dr. Joseph Sanchez MD,Operations,126,15,4.78,11,2.53,76761
E0228,Benjamin Ibarra,Sales,191,53,3.01,25,3.75,93239
E0229,Michael Davidson,Operations,170,34,2.71,20,3.67,128815
E0230,Clarence Davis,Operations,147,8,3.56,21,3.48,110971
E0231,Kathryn Thomas,R&D,217,46,4.63,8,3.26,124169
E0232,Anthony Graham,Marketing,167,50,2.67,6,3.71,112896
E0233,Christopher Graham,HR,100,20,3.72,18,2.74,51293
E0234,Jennifer George,Operations,218,19,2.92,0,1.97,110727
E0235,Frank Mata,IT,162,6,3.12,28,1.24,141340
E0236,Victoria Myers,HR,143,45,3.78,28,4.53,100272
E0237,Courtney Cardenas,Marketing,127,49,3.04,17,3.57,122630
E0238,Jessica Mcneil,Sales,190,16,2.84,0,1.89,119844
E0239,Jessica Silva,HR,180,11,2.68,21,3.97,96506
E0240,Jamie Richardson,Marketing,119,51,4.6,22,1.65,143205
E0241,David Harrington,Finance,140,34,4.13,24,4.63,77913
E0242,Brian Bennett,Operations,169,56,2.56,24,1.46,100296
E0243,Jeffrey Mcgrath,IT,127,59,4.79,23,3.36,141613
E0244,Vanessa Alvarado,Finance,139,58,3.18,23,4.15,149447
E0245,Katherine Pratt DDS,Marketing,179,36,2.93,19,1.19,80035
E0246,Anthony Miller,HR,152,9,4.27,22,2.97,61931
E0247,Calvin Perez,Marketing,178,59,4.24,13,3.61,114272
E0248,Cathy Pittman,Sales,163,36,4.91,6,2.55,144591
E0249,Pamela Alexander,Sales,137,24,3.03,16,3.15,45840
E0250,Alison Fields,Marketing,124,41,2.67,27,4.77,48800
E0251,Michele Stanley,R&D,215,23,4.23,17,4.46,122510
E0252,Charles Hill,Operations,192,31,4.18,23,1.72,136130
E0253,Kenneth Holland,IT,194,54,3.78,25,3.47,37602
E0254,Mark Peterson,R&D,160,38,3.46,25,4.45,123519
E0255,Michael Robinson,Marketing,180,15,4.45,15,1.07,80380
E0256,Kelsey Leonard,IT,156,60,4.29,27,3.48,92179
E0257,John Jackson,Operations,170,5,5,14,4.76,97491
E0258,Gabrielle Smith,R&D,213,15,4.89,21,4.77,77552
E0259,Michael Jackson,Operations,182,19,4.65,1,3.55,113095
E0260,Mark Kerr,R&D,168,51,3.51,16,1.57,141908
E0261,Terry Cook,R&D,159,45,2.85,28,1.13,111427
E0262,Patrick Stephens DDS,R&D,126,23,4.5,10,4.83,31371
E0263,Ronald Spencer V,Sales,104,54,3.19,10,3,120221
E0264,Jessica Stone,Finance,181,16,4.42,11,2.97,113299
E0265,Colleen Wallace,Finance,141,16,3.73,9,4.06,98965
E0266,James Turner,Finance,120,6,3.73,28,3.01,139323
E0267,Mr. Anthony Mccoy MD,Marketing,174,53,4.17,24,4.42,143269
E0268,David Tanner,Sales,189,21,4.38,11,2.45,87972
E0269,Rachael Pierce,Operations,194,27,3.04,5,2.17,75760
E0270,Nicholas Barajas,IT,161,24,3.06,15,3.92,137079
E0271,Stephanie Diaz DDS,Marketing,140,55,3.52,30,3.66,55103
E0272,Patrick Underwood,Operations,185,9,2.58,22,2.03,113536
E0273,Andrew Johnson,HR,114,57,2.77,20,3.79,60782
E0274,Andrew Simmons,Operations,184,50,2.6,30,1.69,87039
E0275,Derrick Dean,IT,171,17,3.4,4,3.91,56118
E0276,Laura Morrison,Sales,164,59,4.77,30,4.2,31142
E0277,Angela Alvarado,Operations,131,5,3.4,12,1.94,61770
E0278,Maria Marsh,IT,105,53,2.82,12,3.4,145482
E0279,Tammy Kim,IT,126,46,4.5,8,2.66,147812
E0280,David Gregory,HR,174,31,4.28,8,2.27,126553
E0281,Sean Davis,Sales,206,40,3.98,26,4.7,147607
E0282,Misty Buchanan,Operations,182,15,4.95,0,1.2,81121
E0283,William Perry,R&D,101,25,2.5,5,4.15,51863
E0284,Rachel Ortega,IT,152,18,3.32,16,2.35,64805
E0285,Elizabeth Simmons,Finance,184,55,2.77,27,2.1,49767
E0286,Elizabeth Hill,IT,140,55,3.31,7,4.21,69524
E0287,Bryan Delgado,R&D,104,54,4.97,9,2.4,46169
E0288,Jason Davis,Marketing,157,28,4.2,13,4.93,41984
E0289,John Carlson,R&D,137,25,4.31,27,3.63,87607
E0290,Rebekah Miller,HR,149,50,3.44,21,1.38,35537
E0291,Wayne Lawrence,Marketing,192,58,3.45,11,1.85,51351
E0292,Jeremy Hernandez,Operations,177,27,4.04,27,3.65,74363
E0293,Nancy Lopez,Finance,155,16,3.74,12,2.97,32441
E0294,Caitlin Carpenter,IT,158,59,4.08,8,2.08,43311
E0295,Jennifer Williams,IT,162,46,3.83,12,3.88,72635
E0296,William Goodwin,Operations,192,35,4.22,10,4.85,108898
E0297,Christopher Jackson,HR,145,38,3.4,12,1.99,35569
E0298,John Baxter,HR,197,45,3.3,12,2.6,124019
E0299,Lisa Lloyd DDS,IT,108,32,4.23,28,2.57,142101
E0300,Christopher Johnson,HR,153,36,3.14,20,4.24,86552
E0301,Joseph Miranda,IT,162,60,2.85,14,2.03,123765
E0302,Eric Mooney,Marketing,141,37,2.84,5,3.8,136117
E0303,Samantha Goodwin,R&D,218,36,4.38,12,2.97,105416
E0304,Robert Richardson,Operations,192,49,4.37,11,4.6,102535
E0305,Michael Villa,Marketing,119,6,4.68,27,2.62,128357
E0306,Veronica Jenkins,HR,204,29,4.11,2,3.21,138831
E0307,Kayla Adams,R&D,205,32,4.58,7,2.31,111629
E0308,Allison Love,Sales,209,38,4.22,4,3.23,111322
E0309,Jose George,HR,148,47,4.28,10,4.73,67743
E0310,Jennifer Paul,R&D,105,45,2.97,10,2.16,81560
E0311,Richard Roberts,Finance,134,56,2.92,27,2.25,65799
E0312,Damon Potts,Operations,150,6,4.52,0,1.49,134380
E0313,Tracy Boyle,Finance,133,17,4.21,16,2.63,126132
E0314,Travis Miller,Sales,205,12,3.35,12,4.41,99764
E0315,Thomas Cole,Operations,184,20,2.97,18,4.28,137232
E0316,Dwayne Blackwell,Operations,218,24,3.39,26,4.29,112072
E0317,Alisha Patrick,Marketing,124,11,3.1,11,3.54,98691
E0318,Jennifer Stuart,IT,170,27,4.51,29,2.64,38153
E0319,Grant Gomez,Operations,122,47,4.92,0,1.17,76692
E0320,Erin Ramirez,Finance,127,9,3.68,11,4.81,127244
E0321,Claudia Jenkins,Sales,175,41,3.3,3,1.18,139000
E0322,Nicole White,IT,116,15,4.07,1,2.43,40918
E0323,Kenneth Solis,R&D,157,7,4.01,20,4.29,77786
E0324,Robert Callahan,Finance,194,41,4.87,22,4.01,40370
E0325,Cassandra Rose,HR,152,25,3.32,14,3.15,123224
E0326,Lisa Reynolds,HR,204,33,3.21,8,2.41,43312
E0327,Sara Hill,R&D,108,21,3.89,27,4.15,96867
E0328,Dr. Jennifer Marshall DDS,IT,132,52,2.53,13,1.42,89335
E0329,Lisa Torres,Sales,129,41,4.13,2,4.72,142119
E0330,Jennifer Lindsey,R&D,194,19,3.13,17,2.75,112462
E0331,Ashley Yates,Finance,162,29,3.95,30,4.09,74646
E0332,Melissa Baldwin,IT,220,39,2.92,1,4.17,54588
E0333,Terry Malone,Marketing,144,39,4.27,14,4.38,99559
E0334,Marcus Williams,HR,134,52,3.15,6,3.68,86172
E0335,Raymond Williams II,Sales,201,29,2.6,23,3.14,35228
E0336,Paul Williams,Marketing,153,8,3.95,7,4.82,30894
E0337,Brittany Hampton,Operations,122,10,4.26,26,4.68,146405
E0338,Toni Dixon,Sales,132,9,4.57,23,1.89,101174
E0339,Jeffrey Chambers,R&D,189,45,2.82,30,2.96,149233
E0340,Christy Collins,R&D,139,13,2.54,22,1.12,110822
E0341,Lauren Smith,HR,139,26,4.87,19,3.12,112151
E0342,Rickey Marshall,IT,119,52,4.49,29,2.04,116300
E0343,Heather Cervantes,Operations,173,39,3.78,16,4.83,93712
E0344,Dylan Perez,Marketing,124,10,2.64,30,4.02,79547
E0345,Valerie Brown,Sales,152,19,3.32,10,3.04,79215
E0346,Alicia Fisher,R&D,102,38,2.66,22,3.22,122438
E0347,Linda Hernandez,Operations,164,44,3.15,10,1.57,135741
E0348,Brooke Davis MD,HR,144,6,3.12,26,4.32,107706
E0349,Jodi Davis,R&D,160,34,3.02,3,4.97,30972
E0350,Maria Allen,Operations,121,36,4.56,2,1.89,89829
E0351,Joseph Adams,HR,175,30,3.71,7,3.92,112939
E0352,Christopher Fuller,Marketing,153,55,3.49,7,2.28,91721
E0353,Maria Garcia,IT,125,17,3.07,3,4.21,50666
E0354,Matthew Boone,Finance,206,36,4.68,2,1.02,145251
E0355,James Stewart,Finance,128,52,3.99,30,4.8,104486
E0356,Erin Mayer,Operations,188,33,3.45,18,3.16,72915
E0357,Adam Townsend,Operations,198,20,3.74,17,4.51,101654
E0358,Laura Brown,R&D,152,60,3.8,19,1.19,37259
E0359,Tyler Newman,HR,207,59,4.29,13,4.05,96665
E0360,Jordan Hopkins,Operations,198,47,4.43,17,1.82,49160
E0361,Robert Owens,Marketing,183,22,4.12,10,3.41,137193
E0362,Darren Cook,Operations,198,43,3.27,17,1.35,40625
E0363,Alexander Patterson,Operations,107,45,3.69,14,2.83,55127
E0364,April Young,R&D,153,39,4.05,22,4.08,100649
E0365,Brittany Mills,IT,173,53,2.95,19,1.55,35337
E0366,Kenneth Huerta,HR,173,44,2.86,25,3.77,148987
E0367,Brandy Skinner,HR,181,41,4.68,24,1.75,95629
E0368,Michael Haas,IT,161,6,4.99,4,1.94,80255
E0369,Carlos Conway,HR,183,50,3.23,4,1.9,110067
E0370,Kathy Valdez DDS,Finance,141,57,3.59,27,1.29,54410
E0371,Richard Hardy,Marketing,204,31,2.63,3,3.69,98752
E0372,Andrew Herrera,R&D,198,27,2.66,2,4.6,88307
E0373,April Serrano,R&D,168,16,3.26,13,1.8,30004
E0374,Karen Fox,Operations,110,20,3.4,24,2.07,59393
E0375,Laura Hoffman,HR,192,29,4.89,19,1.83,48801
E0376,Kara Bush,IT,197,35,4.86,1,4.35,125628
E0377,Andrew Donaldson,R&D,115,19,4.02,15,3.76,101022
E0378,Michael Tucker,Finance,123,20,3.06,21,4.2,125429
E0379,Kevin Gordon,Operations,106,46,3.63,24,3.92,122707
E0380,Gail Larson,Sales,155,47,2.71,30,4.77,94119
E0381,Jacqueline Glover,Marketing,217,60,3.16,17,2.35,73468
E0382,Jesus Frey,R&D,116,38,3.83,12,3.21,103193
E0383,Robert Bell,R&D,103,34,3.49,9,3,62260
E0384,Phillip Small,Finance,197,60,2.65,7,2.31,96190
E0385,Stephanie Curtis,Finance,209,32,2.99,1,4.37,97323
E0386,Amy Collins,IT,188,6,3.57,16,4.73,98827
E0387,Denise Torres,Marketing,114,56,4.65,8,1.48,138010
E0388,Tina Barajas,IT,161,20,3.26,18,2.15,98614
E0389,Katherine Swanson,R&D,116,6,3.04,2,2.93,143772
E0390,Christine Richardson,Marketing,152,9,4.39,15,2.44,60151
E0391,Daniel Harvey,Sales,190,30,2.57,30,4.87,72860
E0392,Mr. Daniel Jones Jr.,R&D,138,11,4.82,26,4.07,106872
E0393,Amanda Peterson,HR,182,12,3.37,27,3.38,112575
E0394,Patrick Maxwell,Operations,187,42,2.63,6,3.08,102718
E0395,Gary Kim,Finance,177,12,3.93,7,4.38,103588
E0396,Patricia Church,Sales,148,25,4.7,29,3.18,46001
E0397,Joseph Cannon II,IT,144,35,2.59,20,3.09,37032
E0398,Lisa Villa,Finance,140,10,3.08,14,1.99,65755
E0399,Nancy Wilkinson,Finance,152,27,3.31,2,1.64,116291
E0400,Matthew King,Marketing,194,36,4.18,20,4.02,86476
E0401,Scott Hartman,Finance,134,15,4.93,17,4.91,124267
E0402,Jo Wade,Sales,216,56,3.45,16,4.93,129438
E0403,Michele Banks,Operations,213,54,3.7,11,1.81,53046
E0404,Gabriel Andrews,HR,174,12,3.52,27,2.77,83370
E0405,Jacqueline Harris,Sales,195,13,4.35,30,1.28,30577
E0406,Jacob Hanson,Finance,149,19,3.78,27,2.49,43505
E0407,Erica Contreras,Finance,191,16,3.7,20,1.58,66282
E0408,Sara Gonzalez,HR,145,33,3.62,7,1.89,63866
E0409,Jillian Maddox,Operations,206,33,4.44,30,4.38,32900
E0410,Austin Delacruz,Marketing,133,18,3.76,18,2.52,40683
E0411,Vincent Barnes,HR,182,17,2.52,2,1.56,117057
E0412,Erik Wells,Marketing,190,28,4.85,29,4.3,120072
E0413,Mr. William Foster Jr.,Finance,130,56,3.3,2,4.74,121849
E0414,Tina White,IT,151,49,4.65,1,4.21,133878
E0415,Brittney Bennett,Sales,179,32,2.58,22,4.09,60378
E0416,Jerry Davis,Sales,158,21,4.58,22,1.62,76971
E0417,Angela Phillips,R&D,116,17,3.15,29,4.81,123118
E0418,Nancy Mejia,Finance,142,57,4.79,17,4.44,86657
E0419,Calvin Aguilar,Operations,172,41,3.4,4,1.49,84211
E0420,Katelyn Lee,HR,112,54,2.8,15,3.04,36320
E0421,Joyce Davis,HR,219,37,4.39,21,1.72,31424
E0422,Melissa Porter,Marketing,119,22,4.56,10,2.46,40591
E0423,Heather Harris,Marketing,158,23,2.88,5,4.1,65013
E0424,Micheal Dennis,Marketing,183,19,2.57,16,1.51,47907
E0425,Paul Beasley,R&D,195,57,4.36,13,4.48,48841
E0426,Jonathan Wilson,HR,207,60,3.61,10,4.74,53000
E0427,Jennifer Escobar,HR,138,8,3.44,3,1.36,37736
E0428,Rebecca Thompson,IT,203,39,4.51,28,4.7,82490
E0429,Kimberly Kelly,HR,134,52,3.3,21,1.32,58506
E0430,Derek Watson,IT,115,20,4.64,7,4.78,76461
E0431,Christopher Haley,HR,150,37,2.68,4,4.8,125334
E0432,Stephanie Webb,HR,114,39,3.35,0,2.39,114231
E0433,Adam Ruiz,Operations,104,22,2.59,4,4.23,96334
E0434,David Martinez,Marketing,149,33,4.2,18,2.1,87133
E0435,Dr. Richard King Jr.,Marketing,169,14,4.98,14,2.29,100735
E0436,Angela Hays,Operations,107,27,4.11,2,3.06,141767
E0437,Edwin Boyle,Operations,214,29,2.64,9,2.93,94381
E0438,Julie Williams,HR,187,15,4.98,27,3.38,102203
E0439,Traci Hodges,R&D,106,6,3.55,30,4.24,136643
E0440,Justin Costa,IT,133,39,4.24,23,1.72,59693
E0441,Sharon Morris,R&D,107,5,3.86,7,3.05,57863
E0442,Maureen White,Finance,146,19,4.8,4,4.77,113860
E0443,Bob Young,IT,138,41,4.99,14,4.15,139396
E0444,Joshua Schmidt,Marketing,194,6,4.33,28,1.27,138697
E0445,Katherine Hess,Finance,191,18,4.64,10,1.59,137997
E0446,Diana Carter,Operations,153,28,3.91,15,3.96,35342
E0447,Cody Cummings,Finance,143,56,3.42,20,3.55,133141
E0448,Valerie Clayton,Finance,175,34,2.67,15,1.4,120745
E0449,Alexander Garcia,IT,120,35,4.56,6,1.96,131897
E0450,Michelle Valencia,Sales,163,24,3.19,18,1.35,117333
E0451,Ronald Edwards,R&D,203,52,3.63,0,3.04,51399
E0452,Erica Berry,Operations,124,36,4.79,18,4.79,136805
E0453,Courtney Rice,R&D,145,52,4.58,0,2.37,98794
E0454,Alyssa Sanchez,HR,193,50,3.28,8,1.3,33450
E0455,Brittney Perry,R&D,132,34,3.73,26,1.56,69603
E0456,Andrea Mcbride,Marketing,211,33,3.16,27,2.35,137595
E0457,Ethan Smith,Sales,108,5,4.8,29,2.85,95850
E0458,Melissa Kelly,HR,113,46,3.42,13,4.18,97981
E0459,Joseph Kelly,Operations,219,13,3.72,12,3.53,133939
E0460,Michael Clark,R&D,161,8,3.47,10,3.54,51832
E0461,David Ford,Sales,190,30,4.43,3,1.11,119176
E0462,Louis Hart,Marketing,105,51,4.9,20,2.33,86327
E0463,Joseph Watson,Sales,159,31,4.31,7,3.35,63985
E0464,Jennifer Forbes,R&D,138,45,3.38,14,3.66,143378
E0465,Amanda Tran,Marketing,152,41,2.66,18,4.46,81526
E0466,Courtney Thomas,Sales,152,9,4.75,0,2.09,43901
E0467,Charles Smith,Operations,181,25,4.84,12,1.21,64771
E0468,Mr. Joseph King III,Operations,118,31,4.28,8,3.22,71259
E0469,Robert Reynolds,Marketing,138,21,2.72,26,2.56,100275
E0470,Melanie Rodriguez,Finance,171,60,2.81,0,3,74360
E0471,Alyssa Briggs,IT,160,55,3.21,9,4.89,84114
E0472,Kellie Romero,Marketing,219,19,2.73,1,3.88,31717
E0473,Patricia Hamilton,HR,160,28,4.34,15,3.95,134896
E0474,Robert Robinson,Operations,103,9,3.19,1,4.78,142013
E0475,Kathy Moore,R&D,108,41,4.48,24,3.88,47002
E0476,Anna Sherman,IT,172,21,2.54,25,3.89,51387
E0477,Raymond Black,Marketing,176,58,2.74,0,3.78,79390
E0478,Michelle Thomas,R&D,192,53,2.89,19,4.31,104759
E0479,Carrie Hill,IT,188,60,4.99,1,4.77,147105
E0480,Andrew Smith,IT,201,34,3.46,6,2.21,50614
E0481,Kathryn Parker,Sales,171,50,3.82,19,4.62,66022
E0482,Tammy Martinez,Operations,153,8,4.31,0,1.84,89978
E0483,Tiffany Turner,IT,191,40,2.72,14,1.72,112735
E0484,Richard Wilson,Finance,205,17,4.93,1,3.65,81035
E0485,Jonathan Clark,R&D,107,12,4.15,23,4.32,115186
E0486,Krystal Tyler,Sales,154,10,3.09,0,4.15,73768
E0487,Matthew Martin,IT,133,53,4.25,7,2.52,148114
E0488,Donna Nunez,HR,152,29,4.77,30,2.99,131379
E0489,Jose Jones,Sales,114,17,2.54,28,4.86,79305
E0490,Jasmine Bailey,Operations,194,60,4.15,10,4.2,134168
E0491,Max Miller,Sales,142,60,4.2,6,2.44,49171
E0492,Sergio Benton,R&D,195,17,4.97,14,2.26,49401
E0493,Ann Young,Sales,182,55,3.69,19,2.56,55750
E0494,Mark Johns,IT,162,45,4.58,30,3.87,95011
E0495,Robin Griffin,Marketing,141,54,3.97,28,3.08,46947
E0496,Tiffany Johnson,Finance,156,40,4.9,18,2.37,102106
E0497,Cassandra Howard,Marketing,186,33,4.48,15,1.08,104289
E0498,Rose Cannon,R&D,190,43,2.58,16,2.67,74352
E0499,Michael Cruz,Finance,200,9,2.97,11,4.67,108569
E0500,Diana Stafford,Operations,111,13,4.87,21,4.94,80400
E0501,Suzanne Williams,Sales,154,44,4.78,27,4.23,30103
E0502,Johnny Gibbs,IT,101,34,3.08,6,2.22,34753
E0503,Haley Smith,R&D,106,28,4.04,12,2.09,76471
E0504,Anne Bailey,Operations,211,6,2.92,25,1.86,134610
E0505,Jacqueline Ashley,IT,180,23,4.94,10,4.98,35415
E0506,Robert Robinson,Marketing,200,49,3.67,18,2.55,99092
E0507,Gregory Yang,Marketing,171,8,3.05,23,4.25,75903
E0508,Randy Gutierrez,IT,107,38,4.12,21,1.85,114374
E0509,Taylor Jones,Finance,175,59,3.07,15,3.12,136324
E0510,Jonathan Clark,Finance,173,50,3.2,18,4.37,73672
E0511,Krista Taylor,HR,189,50,4.18,15,4.48,140374
E0512,Patrick Roach,Operations,211,32,3.91,17,4.71,37045
E0513,Elizabeth Cobb DDS,IT,120,36,2.98,9,4.31,55697
E0514,Karen Leach,Sales,119,8,4.75,26,3.34,87519
E0515,Lisa Patel,Sales,137,18,3.72,13,3.4,57982
E0516,Logan Bates,Sales,198,15,3.67,8,4.76,128249
E0517,Christina Jones,Finance,182,25,3.29,23,2.52,30034
E0518,Blake Fernandez,IT,147,34,4.69,26,2.37,141639
E0519,Nicole Douglas,Operations,105,14,3.29,15,1.73,77833
E0520,Jessica Lee,Finance,204,34,3.78,20,4.23,141704
E0521,Robert Curry,Marketing,154,9,2.61,15,2.7,77679
E0522,Patrick Hill,Sales,219,16,4.11,7,3.62,119303
E0523,Martin Glover,HR,171,31,2.51,24,4.88,106425
E0524,Stephanie Moyer,IT,173,7,4.95,7,1.37,125094
E0525,Kathleen Carr,HR,102,38,4.03,23,1.69,103498
E0526,Natalie Smith,Operations,109,30,4.24,16,1.03,71024
E0527,Ann Newman,HR,214,24,2.61,16,2.79,71498
E0528,Kimberly Williams,R&D,133,29,2.79,21,1.11,118474
E0529,Jeremy Allen,Finance,152,9,2.57,28,2.89,56727
E0530,Stephanie Snyder,HR,196,24,3.64,29,4.6,115568
E0531,William Cox,Marketing,188,17,3.63,13,4.21,142291
E0532,Daniel Robinson,Sales,131,19,4.45,22,1.23,43612
E0533,Michael Macdonald,HR,189,12,4.66,2,3.09,142713
E0534,Cheryl Holt,Sales,205,50,4.47,5,4.44,60499
E0535,Frank Zimmerman,R&D,205,18,3.19,13,3.31,62250
E0536,Marisa Mitchell,Marketing,119,31,4.61,16,3.65,82736
E0537,Regina Aguirre,Finance,158,43,3.62,30,3.47,129197
E0538,Rebecca Montoya,IT,174,37,3.48,6,3.01,51859
E0539,William Owens,Finance,165,25,4.96,8,2.12,131197
E0540,Brian Gutierrez,Marketing,130,50,3.67,11,4,73943
E0541,Cameron Jenkins,Operations,186,8,3.43,7,2.08,93517
E0542,Grace Moran,Marketing,180,5,3.34,2,3.58,47837
E0543,Matthew Anderson,Marketing,143,31,3.7,16,1.13,99025
E0544,Sandra Madden,Marketing,220,29,3.38,7,3.54,135054
E0545,Lauren Burke,HR,173,32,4.04,11,4.85,55561
E0546,Kathleen Alvarado,IT,158,7,4.01,8,2.67,90586
E0547,Christopher Snyder,IT,132,43,2.66,25,2.61,72419
E0548,Aaron Romero,HR,200,44,4.85,4,1.55,41897
E0549,Crystal Edwards,IT,104,22,4.9,4,1.79,86191
E0550,John Lynch,R&D,162,23,4.16,20,2.62,64802
E0551,Lori Robinson,R&D,152,11,4.03,5,1.71,142030
E0552,Michelle Beltran,R&D,100,44,3.62,17,2.34,113566
E0553,Shawn Watson,Sales,202,32,4.29,11,2.67,140901
E0554,Joshua Gross,IT,112,12,2.89,3,2.31,125561
E0555,Scott Harris,R&D,219,25,3.12,11,1.93,133167
E0556,Vincent Dixon,HR,145,12,2.64,24,1.63,78547
E0557,Amy Oneal,IT,205,57,4.46,19,2.87,39634
E0558,Tammy Drake,IT,165,58,2.69,21,4.62,127711
E0559,Mark Burns,Finance,121,48,3.73,15,2.85,82135
E0560,Seth Yu,Operations,132,48,2.54,5,2.49,80025
E0561,Pam Sanchez,Marketing,198,26,2.5,26,3.19,46399
E0562,Matthew Keller,Marketing,212,21,3.35,18,1.29,48967
E0563,Laura Lewis,R&D,207,10,5,21,2.13,113009
E0564,Danielle Rodriguez,Sales,153,60,2.6,10,3.3,79622
E0565,Michelle Lindsey,Marketing,152,26,3.65,23,3.29,116254
E0566,Erika Moon MD,Sales,139,54,2.66,12,2.05,119606
E0567,Matthew Floyd,Sales,125,11,3.86,22,4.93,94242
E0568,Nicole Jackson,Marketing,153,37,4.17,5,2.96,69373
E0569,Kevin Hernandez,IT,160,14,3.41,17,3.49,51239
E0570,Derek Collins,R&D,150,35,3.37,4,2.45,34227
E0571,Susan Lopez,HR,139,46,4.24,17,4.39,104593
E0572,Amy Williams,R&D,159,20,4.92,13,3.09,146193
E0573,Christine Tran,Sales,175,31,3.38,9,2.73,112370
E0574,Diana Ramirez,R&D,130,14,4.86,1,1.34,97627
E0575,David Marquez,IT,213,12,3.88,21,2.53,93717
E0576,Mrs. Lisa Soto,Finance,150,42,3.02,23,2.08,34484
E0577,James Cook,Finance,144,11,3.78,3,4.4,140055
E0578,Michelle Nelson,Sales,187,34,4.18,12,3.03,109126
E0579,Kelly Rhodes,Finance,180,38,4.14,16,4.05,37823
E0580,Ronald Meyers,Sales,201,50,3.11,23,2.41,138234
E0581,Laura Barnes,Marketing,136,43,4.38,29,1.83,80287
E0582,Marc Anderson,R&D,183,59,4.4,18,4.84,94558
E0583,Nancy Lawson,Operations,177,15,2.98,27,1.75,45008
E0584,Laura Hodges,Finance,184,10,3.84,9,1.95,111531
E0585,Leah Schneider,Sales,202,10,3.33,15,4.57,52940
E0586,Elijah Bates,HR,132,36,3.96,1,2.46,49262
E0587,Robert Martinez,R&D,189,31,2.94,0,3.67,65046
E0588,Edwin Smith,Sales,190,18,2.58,14,1.03,68277
E0589,Tammy Chandler,Marketing,184,7,3.94,1,3.71,120034
E0590,Olivia Thomas,Finance,115,48,5,3,4.85,141823
E0591,Ruth Marshall,R&D,174,36,3.93,28,2.33,134501
E0592,Timothy Robinson,HR,113,57,2.53,4,4.42,46412
E0593,Douglas Jenkins,IT,162,19,3.67,8,2.41,58931
E0594,James Finley,Sales,137,31,4.48,25,1.69,85911
E0595,Kayla Mckenzie,R&D,192,35,3.46,21,1.15,75872
E0596,Elizabeth Martin,Marketing,148,23,3.62,6,1.6,133779
E0597,Elizabeth Garcia,Sales,197,14,4.56,7,4.2,131205
E0598,Matthew Faulkner,IT,156,32,3.9,4,4.8,49658
E0599,Eileen Brown,Operations,152,47,3.72,25,3.84,39020
E0600,Brian Hampton,Finance,119,56,4.36,19,2.34,73949
E0601,Helen Dominguez,Sales,117,25,3.53,7,3.2,92540
E0602,Joseph Mercado,Marketing,134,37,4.63,24,2.2,93082
E0603,Emily Phillips,Finance,121,11,2.85,16,1.05,103244
E0604,Anna Berg,Marketing,151,40,4.69,19,2.68,100680
E0605,Javier Nguyen,Operations,116,8,3.09,23,2.39,110988
E0606,Kyle Williams,IT,133,33,2.63,13,3.52,77656
E0607,Michael Gomez,Sales,216,52,4.2,16,2.86,126864
E0608,Caleb Underwood,Sales,140,44,3.79,20,1.12,115347
E0609,Daniel Gibbs,Operations,139,9,4.89,19,4.96,69459
E0610,Lori White,Sales,157,20,4.66,25,1.06,64058
E0611,Timothy Simpson,Marketing,103,18,3.76,29,4.87,73211
E0612,James Aguirre,Finance,134,14,3.65,14,4.13,66213
E0613,Victoria Barker,Marketing,105,5,2.75,10,4.24,119862
E0614,Frederick Gross,Marketing,145,10,2.53,20,3.12,125720
E0615,Marie Washington,HR,195,56,2.52,18,3.29,135814
E0616,Veronica Mcdaniel,R&D,194,19,3.06,7,1.73,114539
E0617,Alexis Thompson,HR,200,34,3.91,23,3.86,146620
E0618,Grant Walker,Marketing,190,51,3.83,27,4.44,61308
E0619,John Campbell,Finance,199,38,3.74,7,1.83,58123
E0620,Taylor Cruz,HR,197,50,3.25,19,4.03,103919
E0621,Dr. Jared Davies,Finance,214,16,2.99,29,4.59,81480
E0622,Joseph Hanson,R&D,157,34,3.99,13,2.57,61128
E0623,Michael Wood,HR,139,20,4.63,30,1.93,107214
E0624,James Harrison,IT,170,23,2.66,3,1.18,141012
E0625,Julian Garcia,Operations,199,49,4.77,29,4.29,106502
E0626,Denise Lawrence,Finance,125,20,3.53,14,4.02,103114
E0627,Sharon Wade,Finance,125,13,3.98,6,4.86,39726
E0628,Erika Harvey,R&D,130,23,4.39,24,4.07,114169
E0629,Sydney Myers,Marketing,195,6,4.92,3,1.43,54576
E0630,Colleen Williams,Operations,218,20,3.27,20,2.81,140582
E0631,Charles Reyes,Finance,143,55,3.82,26,2.78,77654
E0632,Mary Ford,R&D,195,40,4.75,7,1.93,107415
E0633,Jordan Brown,R&D,202,8,3.52,21,4.63,54028
E0634,Stephanie Thomas,Operations,116,12,3.68,1,1.09,137517
E0635,Amy Shah,Finance,163,34,3.33,1,1.44,63408
E0636,Kathleen Griffith,IT,176,57,3.35,17,1.49,115304
E0637,Timothy Padilla,Sales,184,26,3.65,6,4.29,93553
E0638,Timothy Allen,Sales,189,30,3.55,26,1.29,121469
E0639,Lisa Jackson,Operations,192,40,4.04,25,2.12,78635
E0640,John Salinas,HR,108,29,3.31,22,1.03,134025
E0641,Daniel Cline,R&D,171,18,4,26,4.61,55175
E0642,Cynthia Bowman,R&D,127,20,2.86,10,1.72,116365
E0643,Megan Allen,Operations,189,56,3.32,29,4.1,63446
E0644,Jennifer Kim,Finance,116,39,3.12,30,4.29,53732
E0645,Sherry Mullins,Sales,184,24,3.14,2,1.47,133852
E0646,Hannah Lewis,Finance,119,36,3.68,28,2.72,60813
E0647,Tamara Richmond,Finance,112,10,4.7,19,1.36,107752
E0648,Robert Young,Finance,199,59,4.84,12,3.36,131228
E0649,Lisa Chandler,Sales,151,12,4.43,19,1.42,51864
E0650,Kimberly Briggs,Marketing,186,60,2.79,7,4.85,90029
E0651,Jennifer White,Operations,118,22,2.63,8,4.15,73905
E0652,Sarah Patrick,IT,135,45,4.02,25,1.92,76818
E0653,Brittany Miller,IT,215,20,4.83,2,1.59,111859
E0654,Penny Webb,IT,114,14,3.76,18,2.96,108201
E0655,Miguel Peterson,Operations,207,45,3.69,29,1.87,140886
E0656,Kevin Martin,Sales,187,34,4.56,29,2.67,123701
E0657,Jessica Smith,Sales,120,34,4.36,29,4.58,126012
E0658,Kendra Brown,Sales,171,28,4.36,22,1.57,100784
E0659,Jose Martin,IT,144,18,2.94,12,4.38,135718
E0660,Kimberly Kidd,Marketing,104,46,2.61,13,2.86,73892
E0661,Pamela Anderson,Finance,107,29,3.77,5,4.08,52451
E0662,Kristy Murray,Finance,197,32,2.5,23,3.6,102894
E0663,Virginia Maxwell,Sales,105,6,3.24,19,4.08,92673
E0664,Pamela Crawford,Finance,150,54,3.37,23,4.38,69034
E0665,Suzanne Velasquez,Marketing,142,60,4.04,8,4.8,44537
E0666,Zoe Atkinson,Sales,195,18,4.34,9,1.84,89738
E0667,Jennifer Cruz,Finance,128,48,4.22,1,3.14,147343
E0668,Amanda Wright,R&D,119,13,3.17,7,2.75,98318
E0669,Christina Robinson,Marketing,137,58,4.46,29,3.93,92860
E0670,Rebecca Rasmussen,R&D,153,33,3.1,30,1.66,58654
E0671,Catherine Ford,Marketing,110,35,4.01,5,4.28,65873
E0672,Stacie Caldwell,Marketing,116,40,3.66,17,1.6,132627
E0673,Virginia Herrera,IT,192,6,4.93,23,3.6,145058
E0674,Tina Price,Operations,213,57,2.78,4,3.43,110909
E0675,Javier Smith,IT,116,26,3.93,6,1.88,82370
E0676,James Medina,HR,193,41,3.03,18,3.41,39924
E0677,Joann Caldwell,HR,182,26,3.46,3,1.9,127785
E0678,Sonya Cameron,R&D,199,26,4.74,1,2.11,30940
E0679,Andrea Martin,Finance,111,35,2.54,15,3.81,115998
E0680,Monique Higgins,Sales,123,17,2.75,9,3.94,127858
E0681,William Lozano,Marketing,176,39,3.34,14,1.17,104535
E0682,David Riley,IT,151,20,2.89,18,1.32,81386
E0683,Daniel Ruiz,R&D,113,39,3.06,19,3.66,143276
E0684,Melanie Chen,IT,178,49,4.13,25,4.13,72779
E0685,Michael Blevins,Marketing,125,16,4.15,15,3.15,66979
E0686,Lindsay Hill,IT,167,41,2.66,28,1.85,123492
E0687,William Weber,IT,106,43,4.93,20,4.31,90075
E0688,Lisa Tucker,R&D,181,60,3.39,24,4.67,63264
E0689,Kathryn Mitchell,R&D,162,44,3.95,30,4.66,141420
E0690,Andrea Luna,Sales,144,58,4.5,2,1.16,88152
E0691,Ashley Booth,HR,174,28,2.68,6,1.23,53955
E0692,Kimberly Mckee,Marketing,114,45,3.07,7,1.45,106703
E0693,Robert Baker,Marketing,118,16,4.15,15,3.54,98937
E0694,Miranda Gomez,Marketing,108,11,3.32,14,1.63,81037
E0695,Anthony Long,Operations,213,43,4.29,13,2.21,105953
E0696,Arthur Cantu,HR,150,51,4.02,1,4.07,50622
E0697,Mary Vasquez,R&D,116,60,4.06,5,1.93,110060
E0698,Marcus Hammond,Sales,155,18,3.1,17,3.83,53267
E0699,Stephanie Waters,HR,197,54,3.86,7,2.52,137418
E0700,Bryan Bowers,R&D,179,53,3.25,22,1.2,79849
E0701,Lisa Campbell,Sales,212,21,4.31,19,2,62669
E0702,Luke Morales,Finance,170,58,3.49,4,3.36,111326
E0703,Timothy Russell DDS,IT,123,27,3.14,14,2.21,80226
E0704,Donna Branch,Sales,208,30,4.49,29,1.78,137299
E0705,Kelly Carpenter,IT,213,24,4.84,15,4.34,140049
E0706,Vanessa Burgess,HR,202,39,4.32,11,3.57,141318
E0707,Keith Lewis,Sales,140,7,4.7,13,2.57,83803
E0708,Scott Vang,R&D,220,45,2.76,24,2.68,118263
E0709,Justin Moss,HR,178,16,3.78,19,1.35,149233
E0710,Michael Casey,Marketing,140,8,3.89,27,2.38,32975
E0711,Kyle Lopez,IT,105,19,2.81,6,3.37,45645
E0712,Mrs. Rebecca Juarez,IT,151,47,3.97,18,3.79,60115
E0713,Sara Carey,Finance,213,46,2.73,16,4.12,101503
E0714,Robert Jones,HR,164,59,4.53,15,2.75,98633
E0715,Natasha Martinez,HR,125,60,4.84,27,3.39,66018
E0716,Robert Guerra,Finance,181,60,2.74,26,1.36,98983
E0717,Cameron Anderson,R&D,215,23,4.01,23,1.15,85084
E0718,Destiny Smith,IT,158,8,2.87,24,2.81,86246
E0719,Stacey Young,Operations,122,32,4.74,22,4.74,86403
E0720,Misty Warren,Sales,149,11,3.71,12,2.15,128262
E0721,Mr. Mark Rodriguez DDS,Marketing,173,42,2.57,1,4.14,81149
E0722,Glenn Berger,Finance,150,26,2.82,25,3.41,58026
E0723,Denise Coleman,IT,176,28,3.39,17,4.88,104637
E0724,Tammy Wright,R&D,208,44,4.87,15,1.43,94060
E0725,Mark Gentry,Operations,107,32,3.11,15,4.06,118725
E0726,Karen Edwards,Marketing,105,10,3.9,16,2.4,108509
E0727,Erik Burns,IT,164,23,3.32,11,1.37,131507
E0728,Arthur Bernard,R&D,125,44,3.33,29,1.31,93265
E0729,Luis Richards,Operations,128,8,2.89,17,3.15,63774
E0730,Lori Shelton,Operations,180,57,2.56,0,1.41,79384
E0731,Jordan Stephenson,HR,129,44,3.68,22,2.8,120422
E0732,Robert Dennis,R&D,216,48,4.44,30,3.15,86026
E0733,Donna Oneill,Finance,105,5,4.99,17,3.12,31159
E0734,David Kelly,HR,201,8,2.78,26,2.66,33773
E0735,Cindy Brock,IT,115,26,4.17,7,4.97,90690
E0736,Christopher Fletcher,Finance,199,27,3.51,10,3.44,54034
E0737,Richard Thomas,Operations,196,31,3.65,0,2.36,58532
E0738,Veronica Elliott,IT,192,7,3.15,12,3.9,87264
E0739,Richard Cruz,HR,216,57,4.76,26,3.48,113195
E0740,Melissa Bridges,Finance,153,10,4.66,13,4.46,35758
E0741,Keith Johnson,R&D,100,51,3.23,30,2.05,102746
E0742,John Carter,IT,178,8,4.36,11,3.9,53866
E0743,Christine Mccoy,Sales,178,31,3.73,3,3.82,48046
E0744,Jamie Pineda,Marketing,164,30,4.28,24,2.97,126607
E0745,Kimberly West,HR,157,50,3.46,13,3.81,76094
E0746,Danielle Smith,Marketing,204,36,4.58,12,1.73,113237
E0747,Tara Jones,HR,103,57,3.35,2,4.45,140240
E0748,Paul Branch,IT,196,24,3.66,2,1.65,53078
E0749,Lisa Gardner,IT,206,16,4.35,7,2.34,138657
E0750,Amber Golden,HR,117,58,3.86,30,2.85,114237
E0751,Patricia Murray,IT,172,39,4.6,8,4.17,37941
E0752,Sarah George,Sales,114,30,4.48,5,4.28,66827
E0753,Kevin Wong,Marketing,204,56,2.58,20,1.42,35026
E0754,Daniel Torres,Sales,185,37,3.66,19,3.41,100486
E0755,Travis Cox,R&D,186,11,2.66,16,3.58,47967
E0756,Dale Nolan,Finance,118,43,3.93,16,2.3,36650
E0757,Tiffany Stone,HR,118,18,3.8,5,1.98,147610
E0758,Gina Davidson,Marketing,217,36,3.54,4,4.44,48611
E0759,Sean Ramos,IT,209,11,3.48,29,4.88,125208
E0760,Brandi Henry,R&D,146,41,3.42,16,1.05,90741
E0761,David Owens,Finance,145,10,2.54,23,4.16,38362
E0762,Benjamin Tucker,IT,112,56,2.61,8,2.16,94548
E0763,Richard Washington,Finance,187,12,4.3,0,2.86,130935
E0764,Stefanie Smith,Operations,140,32,4.86,0,1.4,113782
E0765,Michael Logan,HR,207,43,4.51,11,2.72,57395
E0766,Sherry Salinas,Finance,215,10,3.01,29,2.85,61252
E0767,Amanda Nichols,R&D,201,37,3.27,27,1.94,134723
E0768,Mrs. Kathryn Rose,Finance,124,27,3.47,19,1.57,80321
E0769,Caleb Bautista,Finance,122,55,2.84,17,4.22,52266
E0770,Daniel Carson,Finance,164,37,3.15,8,2.55,34066
E0771,Jennifer Rodriguez,Operations,108,10,2.82,11,4.84,56042
E0772,Patricia Lewis,Sales,174,48,3.88,0,3.69,43973
E0773,Justin Johnson,Operations,159,43,2.55,19,4.8,99245
E0774,Matthew Jackson,R&D,163,12,4.74,4,4.52,117695
E0775,Anthony Maddox,R&D,218,44,3.84,10,3.75,61993
E0776,Annette Davis,HR,192,57,3.19,4,2.9,68751
E0777,Ricky Thomas,Sales,134,19,3.7,26,2.63,137584
E0778,Jamie Cervantes,Sales,216,32,4.89,5,4.89,55849
E0779,Carmen Murray,R&D,108,38,3.95,14,4.41,63904
E0780,Mrs. Cathy Fernandez,Finance,100,50,4.09,23,2.27,54274
E0781,Matthew Patel,Finance,133,23,2.51,18,4.85,65704
E0782,Brian Adkins,Operations,215,5,3.96,14,3.55,108170
E0783,Laura Simmons,Finance,139,5,2.62,24,4.7,122630
E0784,Teresa Anderson,Operations,126,60,3.88,2,1.7,44663
E0785,James Skinner,Sales,178,21,4.11,13,4.47,128654
E0786,Kendra Middleton,Sales,105,36,4.82,12,4.41,95784
E0787,Larry Edwards,HR,146,33,3.45,6,2.04,55771
E0788,Jeffery Lane,HR,139,21,3.9,19,3.63,30863
E0789,Holly Jackson,Marketing,194,59,2.63,22,4.22,63899
E0790,Zachary Patterson,Sales,211,52,2.92,30,1.51,60536
E0791,Miranda Lee,HR,216,30,2.51,29,4.06,87654
E0792,Randy Rojas,Finance,136,20,4.8,6,3.11,33359
E0793,Shannon Jordan,IT,163,13,3.73,5,1.65,128049
E0794,Douglas Smith,R&D,110,44,3.31,12,3.81,34132
E0795,Dawn Cruz,HR,211,41,3.02,30,4.84,109303
E0796,Gloria Romero,IT,129,19,4.37,18,2.35,98874
E0797,Sharon Fleming,IT,191,56,4.25,25,1.61,106401
E0798,Nicole Hicks,R&D,110,16,3.22,5,3.48,38795
E0799,Ann Gonzalez,Finance,215,54,4.2,30,4.84,76169
E0800,Christian Morris,HR,106,60,4.19,28,4.81,80379
E0801,Larry Sweeney,Marketing,210,41,3.43,24,3.24,94093
E0802,James Gardner,Marketing,199,35,2.6,20,1.71,43495
E0803,Lauren Martinez MD,R&D,118,5,2.5,14,3.88,93188
E0804,Johnathan Washington,Operations,141,31,3.65,30,4.58,50993
E0805,Kim Smith,Marketing,195,35,3.49,13,2.41,110918
E0806,Jenna Gray,Marketing,181,11,4.12,1,1.32,79155
E0807,Christine Parsons,Operations,173,22,2.89,12,1.66,87636
E0808,Penny Jackson,IT,216,43,3.93,11,1.81,133629
E0809,Dylan Galvan,Operations,209,31,3.41,23,1.99,85380
E0810,Dr. David Parker DVM,Sales,211,47,4.5,4,2.14,67229
E0811,Mark Brown,Finance,139,25,4.95,4,2.65,140765
E0812,Susan Lloyd,IT,200,49,4.78,8,2.9,95134
E0813,Mary Miller,Finance,122,33,2.73,21,1.4,84031
E0814,Rickey Porter,HR,109,42,4.12,18,2.28,98641
E0815,Laura Webb,Operations,157,57,3.84,26,4.92,33684
E0816,Julie Johnson,Finance,187,18,2.9,2,3.11,52786
E0817,David Ross,Finance,190,27,4.94,28,4.2,70549
E0818,Michelle Weber,Sales,150,19,3.23,7,3.29,47056
E0819,Elizabeth Friedman,R&D,196,20,4.2,8,3.93,100448
E0820,Leah Jones,IT,103,10,4.14,14,2.11,31147
E0821,Daniel Hines MD,R&D,204,50,4.1,15,1.46,113189
E0822,Rachel Lozano,HR,143,9,3.81,19,2.62,122073
E0823,Jordan Mckinney,R&D,164,21,3.88,8,4.77,80079
E0824,Amber Lopez,IT,121,23,3.44,7,2.39,135759
E0825,Latoya Reed,Operations,167,55,3.03,5,1.03,40368
E0826,James Gomez,Finance,123,30,4.24,20,2.06,41750
E0827,Joseph Torres,IT,135,26,2.92,11,1.02,114988
E0828,Olivia Salinas,IT,117,37,4.2,19,1.47,107001
E0829,Philip Cruz,R&D,185,10,3.81,5,3.19,120590
E0830,Dr. Luis Anderson,Finance,159,10,3.14,29,3.86,88554
E0831,Christina Kent,IT,177,31,4.02,13,1.83,80401
E0832,Amanda Gilbert,Sales,146,52,4.27,16,3.76,115039
E0833,Jordan Reeves,Sales,220,19,3.16,30,3.43,36413
E0834,Brandon Scott,HR,189,54,2.99,24,1.79,114894
E0835,Rebecca Roy,Sales,179,30,3.42,11,2.32,64927
E0836,Scott Robinson,HR,211,14,4.5,13,4.09,30127
E0837,Luis Rodriguez,Marketing,188,6,3.33,6,2.34,129096
E0838,Emily Moore,Operations,181,13,2.67,16,4.6,57805
E0839,Jacob Anderson,Marketing,193,25,3.8,15,4.7,75900
E0840,Andrew Jones,R&D,117,25,4.48,15,4.72,71586
E0841,Miranda Daniel,HR,174,60,4.84,23,1.75,52982
E0842,Christina Beasley,Operations,128,60,2.51,1,2.63,88749
E0843,Mrs. Janet Blevins,R&D,101,7,4.16,4,3.78,39778
E0844,Regina Mayo,Sales,169,60,4.07,26,1.74,139261
E0845,Brian Mcguire,Sales,203,51,3.79,24,3.63,146828
E0846,Amy Bartlett,R&D,199,9,3.76,11,1.95,107969
E0847,Andrea Murphy,Marketing,139,19,4.09,9,4.68,127267
E0848,Mary Richard,IT,190,15,4.06,23,2.25,46648
E0849,Thomas Thompson,Operations,127,48,4.86,21,3.4,136399
E0850,Steven Morris,R&D,135,46,2.51,1,2.8,90709
E0851,Lisa Gomez,Operations,120,27,3.28,11,3.21,63806
E0852,Victoria Oliver,Marketing,208,56,4.22,2,1.26,114605
E0853,James Taylor,Finance,103,7,4.08,17,1.19,111135
E0854,April Graham,Operations,116,45,3.83,12,3.03,57212
E0855,Karen Hernandez,R&D,102,11,4.25,10,2.27,82220
E0856,Kelli Ruiz,R&D,124,37,4.99,2,2.95,69070
E0857,Lauren Santos,Finance,154,51,3.62,5,1.28,145903
E0858,Kenneth Jones,Marketing,200,11,4.96,2,4.55,98379
E0859,Robin Oconnor,R&D,216,46,3.3,2,1.88,114070
E0860,Eric Ross,Marketing,168,26,3.21,22,2.08,135618
E0861,Pamela Thompson,Marketing,152,17,2.88,10,4.65,37809
E0862,Shawn Cline,Marketing,109,32,4.6,11,3.9,82343
E0863,Sharon Willis,R&D,139,52,2.88,21,3.11,31855
E0864,Terry Simpson,Sales,211,53,3.18,12,2.54,123963
E0865,Alejandra Drake,Marketing,219,58,3.28,2,1.57,59879
E0866,Julia Lara,IT,180,7,4.64,11,2.87,50891
E0867,Robert Wilson,Marketing,111,41,4.3,25,1.47,76554
E0868,James Warren,Sales,188,23,3.52,3,2.73,88129
E0869,Jennifer Harris,Marketing,177,23,4.8,20,1.22,104945
E0870,Samuel Williams PhD,Operations,205,34,4.22,12,3.62,83499
E0871,Sherry Smith,Sales,116,17,2.54,7,3.14,53665
E0872,Amy Robinson,IT,141,14,4.24,20,2.56,133371
E0873,Joseph Banks,Sales,195,33,3.77,7,4.78,46655
E0874,Mark Ellis,Sales,146,30,3.47,17,4.92,116672
E0875,Ann Jackson,Marketing,171,8,4.94,17,1.47,110445
E0876,Keith Bates,Operations,113,21,4.79,25,1.28,41654
E0877,Matthew Nelson,Sales,122,20,4.71,19,4.73,121512
E0878,Daniel Brown,R&D,151,35,3.66,6,3.95,56633
E0879,Charles Blair,Sales,186,38,3.34,1,4.42,93291
E0880,Kimberly Mayo,Operations,146,27,4.7,25,2.57,94615
E0881,Nancy Anderson,Marketing,110,36,4.09,6,3.06,34801
E0882,Sara Cox,Marketing,133,33,3.97,4,1.18,105096
E0883,Michelle Jenkins,IT,178,8,4.79,29,2.18,137623
E0884,Shannon Farmer,IT,130,10,3.25,17,3.53,99203
E0885,Abigail Melton,HR,142,25,4.21,10,4.82,135866
E0886,Yolanda Cisneros,Operations,168,48,2.8,10,2.96,41722
E0887,John Horton,Marketing,208,21,4.76,16,2.72,51386
E0888,Jonathan Gaines,HR,168,27,2.7,6,3.21,53906
E0889,Russell Hopkins,IT,157,60,3.99,27,3.57,124205
E0890,Perry Phelps,Operations,168,10,3.55,11,4.47,144729
E0891,Zachary Malone,Operations,174,43,2.5,22,1.22,93158
E0892,Richard White,IT,144,53,3.37,10,2.21,113171
E0893,Steven Powell,Marketing,184,32,4.62,3,2.53,138790
E0894,Catherine Levy,HR,146,53,2.66,25,2.13,140838
E0895,Patricia Lopez,R&D,220,35,2.95,12,1.67,72744
E0896,Michael James,Sales,165,49,4.31,14,3.88,97798
E0897,Richard Barajas,Marketing,156,53,2.99,20,3.63,145015
E0898,Tiffany Dennis,Operations,169,32,4.69,14,3.33,125974
E0899,Steven Phillips,Sales,177,49,3.43,0,1.09,108081
E0900,Daniel Smith,R&D,105,14,3.76,5,4.14,49023
E0901,Dustin Clark,IT,174,55,3.47,19,2.77,85382
E0902,Shawn King,R&D,129,60,3.43,0,4.36,79840
E0903,Richard Hall,Finance,126,23,4.99,0,1.92,52660
E0904,Donald Haley,HR,138,42,4.77,12,1.15,101489
E0905,Patrick Parker,Finance,209,27,4.88,22,3.46,114580
E0906,Jeremy Walter,Marketing,189,45,4.84,9,2.4,103743
E0907,Linda Mckinney,Sales,207,54,4.61,11,1.16,54915
E0908,Destiny Jefferson,HR,146,10,3.39,23,2.13,80805
E0909,Amanda Harris PhD,HR,136,28,3.47,5,1.08,90013
E0910,Megan Lee,HR,159,49,4.39,18,4.72,35625
E0911,Jill Smith,Operations,118,51,4.4,5,1.61,136042
E0912,Nicole Lee,HR,114,45,2.95,10,4.25,86752
E0913,Travis Ellis,Marketing,210,43,3.51,25,4.19,89095
E0914,Alexandra Morgan,IT,178,48,2.56,18,4.36,122988
E0915,Craig Barker,Marketing,114,56,2.83,23,3.6,60027
E0916,Andre Dominguez,IT,207,39,4.57,8,2.09,91981
E0917,Matthew Davis,Marketing,107,29,3.03,21,3.53,135171
E0918,Keith Lopez,HR,117,52,4.3,19,1.07,135470
E0919,Jennifer Lopez,Finance,173,21,4.08,4,4.87,87717
E0920,Nicholas Thompson,HR,136,57,2.73,5,1.3,108350
E0921,Karina Jackson,Marketing,137,14,2.59,9,1.82,57758
E0922,Peter Hess,R&D,106,59,4.42,14,3.94,62975
E0923,Michael Tucker,R&D,144,36,3.57,27,3.71,101928
E0924,Holly Torres,Operations,191,5,3.34,4,2.97,74086
E0925,Christine Blanchard,Marketing,197,15,2.62,26,1.28,82120
E0926,Ashley Ritter,Marketing,114,36,4.74,3,1.41,149190
E0927,Matthew Gibbs,R&D,194,55,4.21,11,3.02,32342
E0928,Howard Miller,Marketing,206,58,2.64,28,4.82,58821
E0929,Gabriel Rivera,Sales,166,50,3.23,8,1.69,66597
E0930,Robin Hodges,IT,192,7,3.24,30,1.68,127916
E0931,Lorraine Jones,HR,158,29,4.7,19,1.05,42261
E0932,Mark Taylor,Sales,220,18,2.86,19,3.11,50847
E0933,Mr. William Edwards,Finance,122,49,3.18,1,1,137155
E0934,Patricia Hughes,IT,154,24,2.89,1,4.63,138167
E0935,Sean Robinson,Marketing,175,48,3.65,3,3.64,31960
E0936,Dr. Micheal Klein MD,Marketing,150,58,3.33,29,3.44,49917
E0937,Chad Carter,HR,112,6,2.72,7,2.84,77673
E0938,Hannah Garza,Sales,120,24,3.24,14,2.72,138249
E0939,Craig Miller,Finance,201,8,3.48,21,3.87,33415
E0940,Michelle Hebert,Operations,118,8,3.81,16,2.07,87466
E0941,Paul Larson,IT,113,60,3.18,8,1.4,115225
E0942,Alyssa Wells,Finance,189,50,3.68,12,4.89,100196
E0943,Daisy Barrett,R&D,182,60,4.07,0,2.29,60476
E0944,Carrie Tucker,IT,220,12,3.42,21,3.87,133668
E0945,Kaitlyn Lloyd,HR,171,51,3.51,19,1.36,79456
E0946,Albert Morton,HR,142,48,3.74,13,4.63,43541
E0947,Laura Mcclain,Sales,142,15,2.99,24,1.42,139419
E0948,Kimberly Paul,Operations,155,24,4.46,22,3.98,47943
E0949,Kara Gonzalez,Marketing,147,52,4.97,9,4.68,30469
E0950,Barbara Briggs,Marketing,202,52,3.05,21,3.51,91592
E0951,Douglas Simpson,IT,198,36,3.5,20,4.01,140029
E0952,John Woods,R&D,213,22,2.75,24,4.34,144413
E0953,Jennifer Brown,Marketing,178,11,4.3,11,3.58,141299
E0954,Samantha Knight,Operations,177,31,3.53,7,4.71,120482
E0955,Rhonda Mitchell,Sales,125,33,4.62,10,2.1,44172
E0956,Chelsea Nguyen,R&D,146,23,4.37,4,4.38,139608
E0957,Amber Murphy,Finance,111,49,4.62,12,4.48,71936
E0958,Johnny Keith,Finance,129,55,3.23,14,4.83,44085
E0959,Stacey Powers,R&D,191,53,3.33,30,2.07,30000
E0960,Leonard Fletcher,Finance,131,50,2.79,22,2.41,34177
E0961,Gabrielle Lewis,Marketing,214,50,3.5,22,2.25,36142
E0962,Joseph Stevens,Marketing,206,7,4.12,4,4.37,130797
E0963,Jared Barber,Finance,186,55,4.15,26,4.51,42641
E0964,Casey Potter,Finance,180,18,3.25,15,3.87,93952
E0965,Jessica Todd,Sales,111,30,4.78,12,4.41,147657
E0966,Kimberly Mahoney,Sales,203,7,2.95,7,4,32220
E0967,Gabriela Cruz,Sales,176,25,2.58,3,1.46,105061
E0968,Patricia Colon,HR,196,50,3.38,4,2.93,112358
E0969,Lisa Allen,Finance,112,31,4.17,16,1.03,140385
E0970,Bruce Bell,IT,184,53,3.11,5,4.4,65888
E0971,Janice Brown,IT,196,60,3.8,13,2.51,87651
E0972,Michele Rosales PhD,Marketing,179,58,3.6,15,4.98,102619
E0973,James Olson,Marketing,120,58,3.94,3,1.99,96039
E0974,Colin Moon,IT,195,58,3.5,26,3.19,102661
E0975,Jennifer Gross,HR,112,8,3.58,4,2.53,83568
E0976,Matthew Hernandez,Sales,103,44,4.02,6,4.69,141721
E0977,Debra Barron,IT,213,12,4.7,28,1.66,31467
E0978,Kendra Gomez PhD,Finance,133,37,3.45,14,2.45,39699
E0979,David Nelson,Operations,121,36,3.16,30,2.05,48736
E0980,Kevin Blake,Marketing,150,28,4.99,18,2.81,41518
E0981,Thomas Hernandez,IT,177,50,3.29,18,1.95,102966
E0982,Daniel Terry,IT,166,42,3.15,15,4.17,62322
E0983,Jessica Perez,R&D,119,12,3.06,20,2.25,114929
E0984,Mark Mccarty,Marketing,179,31,2.99,8,2,102959
E0985,James Rodriguez,Sales,218,52,4.09,20,1.11,105323
E0986,Rachel Campbell,R&D,105,16,4.85,5,4.87,70045
E0987,Michael Lopez,R&D,164,30,3.76,20,4.16,84853
E0988,Lori Rodriguez,Marketing,162,57,2.81,20,1.41,98420
E0989,John Stone,IT,184,33,4.83,26,1.53,142343
E0990,Walter Ward,Marketing,195,6,3.72,16,1.82,102785
E0991,Natalie Barnes,R&D,169,42,3.64,15,2.69,149960
E0992,Ebony Clarke,Finance,116,22,3.25,16,2.43,132863
E0993,Mrs. Allison Shaw,IT,165,36,3.71,27,4.26,119965
E0994,Carolyn Glover MD,IT,181,29,3.1,5,1.55,99206
E0995,Dwayne Thomas,Operations,166,13,4.25,18,2.05,48173
E0996,Karen Anderson,IT,191,17,3.59,7,3.42,129840
E0997,Jeffery Sutton,Operations,110,58,2.72,4,1.97,31214
E0998,Scott Cervantes,R&D,192,24,4.01,10,1.85,51882
E0999,Deborah Smith,HR,161,42,4.68,14,2.57,111705
E1000,Michael Mcclain,R&D,145,53,4.06,17,1.36,57700
E1001,Emily Wright,IT,122,31,4,8,4.21,105887
E1002,Mathew York,Finance,153,20,3.78,22,4.83,120606
E1003,Angelica Thompson,Finance,184,20,3.36,27,4.08,32492
E1004,Darrell Brown,Marketing,206,38,4.16,28,2.62,110289
E1005,George Gonzalez,Sales,214,52,2.6,14,2.59,50196
E1006,April Fernandez,HR,141,8,2.81,6,3.6,70923
E1007,Mark Santos,Finance,152,34,4.77,20,2.73,67001
E1008,Christine Knight,Marketing,134,56,3.2,2,1.53,62408
E1009,Anthony Peters,R&D,132,18,3.58,23,1.53,76396
E1010,Anna Rodriguez,Finance,197,46,2.71,28,1.89,56563
E1011,Brenda Morris,R&D,103,23,2.82,28,2.18,41360
E1012,Tracy Henry,Sales,146,5,2.58,28,3.4,129275
E1013,Ryan Carpenter,Finance,178,26,4.71,11,4.84,46695
E1014,Victoria Green,IT,193,54,4.94,9,3.8,66222
E1015,Julia Hatfield,Operations,177,19,3.18,9,1.73,104147
E1016,Kaylee Richardson,R&D,142,44,4.85,8,4.8,146345
E1017,Andrew Olson,Finance,184,51,3.67,3,4.57,71206
E1018,Cheyenne Wheeler,R&D,215,47,4.17,7,2.56,121560
E1019,Ryan Nguyen,Finance,184,41,4.55,4,4.18,108611
E1020,Paul Estrada,R&D,159,14,3.14,19,3.27,112216
E1021,Jeffery Haney,IT,161,41,4.23,14,2.69,130408
E1022,Tracy Owens,Marketing,196,50,3.53,20,3.36,108985
E1023,Nicole Howard,HR,171,37,4.89,20,2.59,108013
E1024,Andrew Cox,IT,180,53,3.12,9,1.23,67006
E1025,Michael Morgan,HR,103,57,3.27,2,3.52,101559
E1026,Dana Miles,HR,157,12,4.48,5,1.34,123121
E1027,Jodi Nguyen,Finance,107,37,4.44,9,1.15,46482
E1028,Stephen Murray,HR,131,57,3.62,8,4,75857
E1029,Andrew Hill,Finance,206,35,4.03,11,4.79,138026
E1030,Colin Jones,HR,217,28,3.86,5,1.13,49476
E1031,Dylan Brown,IT,100,37,4.87,16,2.31,83244
E1032,Mary Gardner,R&D,180,51,4.4,25,3.46,54107
E1033,Riley Hines,IT,164,15,3.48,6,2.18,46024
E1034,Steven Evans,Finance,178,39,4.91,0,4.66,109887
E1035,Mr. Matthew Graham,Marketing,193,59,4.08,12,1.01,48866
E1036,Gavin Martin,HR,130,51,2.88,11,4.62,32344
E1037,Christopher Goodwin,IT,220,32,4.53,4,2.88,85790
E1038,Victoria Jackson,IT,206,58,2.65,11,4.57,136603
E1039,Tyrone Howard,Finance,150,52,3.63,14,4.1,124123
E1040,Veronica Scott,Finance,216,10,4.46,18,4.45,133644
E1041,Sharon Travis,Marketing,193,45,3.51,11,2.56,116593
E1042,Kelsey Johnson,Finance,213,36,3.88,11,2.85,120927
E1043,Jeremy White,Marketing,128,15,3.29,16,2.19,131413
E1044,Scott Gonzalez,Marketing,208,60,3.6,19,1.09,131574
E1045,Rhonda Gibson,Operations,133,13,4.25,26,3.22,42154
E1046,Joseph Hernandez,Sales,195,43,2.72,13,2.58,146994
E1047,Susan Rodriguez,Sales,163,44,2.78,21,4.54,142811
E1048,Joseph Thompson,Operations,147,28,2.88,13,1.79,137924
E1049,Richard Gibbs,R&D,116,49,4.54,29,2.36,70866
E1050,Julia Hebert,Sales,180,21,3.43,12,4.69,140487
E1051,Tammy Moore,Operations,123,43,3.43,10,2.73,61225
E1052,Jonathon James,Finance,202,22,4.32,9,1.41,110742
E1053,Rebecca Moore,Operations,164,49,2.75,12,2.34,76256
E1054,Daniel Duarte,R&D,127,48,2.83,17,3,144270
E1055,Amy Meyer,Finance,206,48,4.84,22,1.86,110683
E1056,Edward Bryant,Sales,100,45,4.12,10,3.54,40426
E1057,Robert Hughes,IT,105,59,2.62,12,2.39,88565
E1058,Sarah Oneill,R&D,114,51,2.63,24,4.91,89032
E1059,Valerie Morales,Marketing,115,49,4.05,27,4.14,92174
E1060,Garrett Pham,HR,167,8,2.55,18,1.23,48558
E1061,Ashley White,Operations,172,22,4.99,19,3.75,82716
E1062,David Johnson,IT,212,28,3.69,12,4.14,121773
E1063,Mr. Oscar Fox,Sales,214,50,3.36,10,3.87,71698
E1064,Samuel Harris,Sales,150,20,4.14,13,1.77,47239
E1065,Robert Rose,Sales,128,57,2.78,3,4.51,94345
E1066,Mary Swanson,IT,191,26,3.67,10,1.82,83766
E1067,Brenda Simmons,Sales,173,57,2.98,25,1.16,63813
E1068,James Maldonado MD,Marketing,130,53,4.09,17,2.18,50147
E1069,Zachary Cervantes,Finance,214,11,3.63,11,1.73,65775
E1070,Andrea Lloyd,Finance,163,40,4.93,22,2.97,135822
E1071,Keith Anderson DDS,Operations,161,60,3.55,13,2.47,110239
E1072,David Martinez,Marketing,118,22,4.04,4,4.15,140556
E1073,Joseph James,Operations,207,52,3.48,3,2.44,37061
E1074,Megan Williams,R&D,213,35,4.32,24,2.55,37792
E1075,Thomas Paul,Sales,103,6,4.75,25,1.9,97733
E1076,Charles Cox,Finance,119,26,4,16,2.26,47174
E1077,Michaela Carr,Finance,120,48,4.81,29,3.71,122819
E1078,Connor Powell,Sales,206,39,4.75,18,4.6,79128
E1079,Travis Roberts,Operations,198,60,3.48,0,2.06,106508
E1080,Jacqueline Brooks,Operations,100,53,3.33,9,4.92,124720
E1081,Eileen Salas,Sales,180,5,4.44,18,4.24,149334
E1082,Jennifer Anderson,IT,140,60,3.09,24,1.32,141882
E1083,Ms. Ashley Durham,HR,106,53,4.37,21,1.45,87483
E1084,Lisa Robertson,Marketing,182,38,4.36,16,3.08,116057
E1085,Michael Cooper,HR,193,55,3.03,8,4.78,127008
E1086,Corey Patel,Marketing,123,9,2.73,9,1.2,88590
E1087,Erika Nelson,Sales,122,41,4.13,30,1.03,50025
E1088,Barry Delgado,Finance,217,10,4.4,17,2.71,121483
E1089,Randy Williams,Sales,129,37,4.55,20,2.62,77036
E1090,Matthew Jones,R&D,148,16,3.16,19,4.75,52275
E1091,Diana Decker,Sales,186,11,2.77,29,1.07,88742
E1092,Mary Jones,Finance,155,19,4.13,3,1.4,75970
E1093,Wesley Martin,Sales,131,17,4.6,7,1.57,103960
E1094,Jessica Davis,Operations,142,35,3.46,15,4.58,107782
E1095,Jeffrey Mendoza,Operations,145,49,2.81,24,2.46,106621
E1096,Erica Turner,Operations,108,27,4.88,6,4.39,86814
E1097,Michael Parker,Marketing,197,6,2.86,3,2.25,99199
E1098,Jamie Lee,HR,210,47,3.53,30,4.12,60126
E1099,Rick Wilkins,Marketing,158,10,3.96,24,3.23,85331
E1100,Evelyn Cruz,Finance,170,53,4.26,23,1.31,142692
E1101,Keith Elliott,Sales,207,5,2.98,8,2.67,136546
E1102,Cynthia Tucker,IT,212,29,2.82,11,2.83,123411
E1103,Haley Lewis,Operations,199,51,3.98,7,4.07,87506
E1104,Mary Cobb,Sales,199,55,4.53,6,4.52,94195
E1105,Jesse Dean,Marketing,179,56,2.9,25,2.8,104689
E1106,Ebony Atkins,Marketing,148,59,3.89,24,3.4,144948
E1107,Gregory Richards,Sales,118,17,4.32,2,2.91,121554
E1108,Alejandro Norris,Operations,180,48,3.96,20,3.77,71732
E1109,Lori Allen,R&D,136,20,4.27,7,2.94,67913
E1110,Megan Lee,Finance,162,24,3.95,8,3.73,128809
E1111,Cameron Norris,R&D,193,14,3.32,21,4.91,39842
E1112,Gloria Smith,Operations,190,18,3.4,10,4.66,109487
E1113,David Brandt,Sales,111,43,2.99,23,4.53,148591
E1114,Stephanie Johnson,Sales,152,51,4.78,17,3.99,41385
E1115,Matthew Sullivan,Sales,122,36,3.37,6,1.96,88858
E1116,Sheri Dean,Sales,128,43,3.9,10,1.43,98492
E1117,Timothy Perez,Marketing,195,27,3.67,12,1.21,76536
E1118,Lisa Mueller,Sales,104,12,3.55,10,3.71,79469
E1119,Christina Rose,R&D,188,7,2.95,19,2.79,84249
E1120,Joseph Hernandez,IT,121,39,4.67,9,2.85,130243
E1121,Michael Hamilton,Operations,184,8,3.85,22,4.71,37645
E1122,Sara Rodriguez,Sales,104,37,4.61,14,2.2,109460
E1123,Kimberly Rice,Operations,115,39,3.41,20,1.6,129485
E1124,Julian Evans,Operations,156,15,2.82,4,4.09,92754
E1125,Lauren Pierce,Marketing,178,34,3.82,8,1.31,141211
E1126,Mark Rivera,R&D,134,12,2.72,3,4.1,67002
E1127,Jennifer Pierce,R&D,170,34,4.12,6,4.07,136927
E1128,Michael Fritz,Operations,151,21,4.37,5,1.38,118740
E1129,Erika Wheeler,Finance,206,50,3.07,7,4.74,130525
E1130,Allison Casey,IT,202,54,4.43,22,3.67,40274
E1131,Katherine Bell,Operations,112,23,2.57,14,1.05,45568
E1132,Kimberly Medina,IT,128,14,4.75,4,4.06,95857
E1133,Joshua Goodwin,Finance,210,18,4.72,29,2.78,81297
E1134,James Hall,R&D,116,20,2.72,7,3.3,104110
E1135,Teresa Potter,R&D,131,39,3.08,29,3.58,93431
E1136,Michelle Parks,Operations,172,29,3.9,16,1.43,139822
E1137,Alexander Jensen,Sales,131,36,3.45,25,4.85,108831
E1138,Heather Ewing,Marketing,119,45,3.11,17,4.81,82119
E1139,William Underwood,Operations,172,33,4.61,7,4.63,144570
E1140,Casey York,Sales,128,34,2.57,19,2.19,76994
E1141,Juan Barker,Marketing,195,9,4.04,29,4.36,56483
E1142,Monica Snow,Marketing,186,18,4.33,19,1.6,49376
E1143,Justin Jackson,Operations,127,48,3.51,2,4.31,83039
E1144,Andrew Diaz,HR,141,33,4.46,21,3.93,75100
E1145,Megan Snow,Operations,220,27,2.71,29,1.21,123777
E1146,Lonnie George,IT,127,40,3.71,3,3.96,48830
E1147,Jacqueline Torres,IT,165,60,3.61,21,2.94,33067
E1148,Erica Huang,IT,211,22,4.68,25,1.99,80023
E1149,Danny Carter,Operations,111,26,3.98,6,2.22,78591
E1150,Suzanne Johnson,Operations,156,11,4.59,13,2.79,32585
E1151,Stefanie Stevens,Finance,197,18,4.57,0,1.66,118292
E1152,Jackson Patterson,Sales,203,38,3.13,23,4.51,145738
E1153,Christine Leblanc,IT,118,36,4.56,7,1.1,109589
E1154,Edward Cochran,Marketing,197,19,4.08,24,4.99,106768
E1155,Danielle Garcia,IT,183,27,3.43,28,4.33,83503
E1156,Jennifer Pearson,Finance,139,22,2.68,15,4.3,92622
E1157,Mr. Ronald Sutton,HR,210,31,3.56,9,1.2,53610
E1158,Timothy Campbell,Operations,137,5,4.44,1,1.62,137692
E1159,Walter Marquez,Sales,189,43,3.24,1,1.94,62874
E1160,Latoya Bass,R&D,146,40,3.86,23,1.07,102487
E1161,Haley Hernandez,Sales,101,44,3.22,26,4.31,68487
E1162,Dr. Adam Ward,R&D,101,27,3.97,24,2.27,117256
E1163,William Colon,HR,215,40,3.77,16,2.82,127268
E1164,Richard Beard,Operations,143,60,4.92,28,4.18,66195
E1165,Jessica Burns,IT,147,12,3.41,20,2.65,106990
E1166,Jason Parker,IT,169,46,4.44,3,1.79,122609
E1167,Zachary Reyes,R&D,220,5,3.03,0,1.53,41301
E1168,Thomas Taylor,Operations,116,5,3.29,2,4.37,76966
E1169,Austin Humphrey,Marketing,186,37,3.6,14,3.33,45122
E1170,David Edwards,R&D,182,31,3.18,24,4.59,87459
E1171,Connor Griffith,HR,175,8,2.55,9,2.13,100832
E1172,Margaret Romero,IT,190,50,3.68,16,2.53,97929
E1173,Teresa Lewis,HR,150,58,4.49,13,2.83,129909
E1174,Jessica Carr,HR,165,60,3.76,5,1.02,123429
E1175,Dennis Williams,Finance,184,39,2.71,2,4.8,54498
E1176,Jose Williams,IT,218,17,3.15,25,1.96,96322
E1177,Nicole Garcia MD,HR,154,50,4.23,9,4.08,33945
E1178,Edward Fletcher,HR,102,43,2.89,0,1.75,143289
E1179,Brandon Davis,Marketing,215,31,4.51,14,4.43,114809
E1180,Elizabeth Alvarez,Marketing,170,13,2.85,19,4.27,73322
E1181,Michelle Becker,Marketing,158,16,3.54,17,2.09,72381
E1182,Christine Cooper,Finance,190,53,4.78,27,3.67,138903
E1183,Cody Phillips,Operations,144,15,4.78,0,1.85,34083
E1184,Kyle Michael,Operations,185,43,4.58,28,4.43,96258
E1185,Andrew Graves DDS,Finance,122,58,2.52,19,4.06,95661
E1186,Adam Harding,Finance,119,11,3.69,17,4.48,96771
E1187,Nathan Reynolds,IT,168,6,3.62,21,2.13,125486
E1188,Natalie Peck,Finance,112,58,3.93,28,4.8,66342
E1189,Allison Stephens,Operations,134,39,4.48,0,3.2,132397
E1190,Chelsea Snow,Operations,108,7,4.79,29,3.28,91237
E1191,Elizabeth Anderson,HR,102,33,4.69,16,3.54,58828
E1192,Mr. John Morales,Marketing,117,27,2.67,24,1.54,31302
E1193,Melody Watson,Finance,218,46,4.43,21,2.53,138603
E1194,Felicia Romero,Sales,192,18,3.95,23,1.63,36863
E1195,Patricia Barron,Operations,168,39,4.16,13,4.82,82542
E1196,Jonathan Cabrera,HR,131,10,4.5,17,2.83,100743
E1197,Morgan Baldwin,Operations,125,15,3.67,13,3.28,142129
E1198,Amanda Martin,R&D,112,13,3.08,27,3.29,59411
E1199,Donna Cummings,HR,206,38,3.92,6,4.57,43231
E1200,Tiffany Padilla,IT,112,9,3.98,9,4.12,116767
E1201,Tabitha Elliott,IT,220,54,5,27,1.62,51988
E1202,Joseph Hickman,HR,156,12,3.07,14,4.79,66249
E1203,Tiffany Taylor,Marketing,205,34,4.7,3,3.91,118966
E1204,Samuel Solomon,Sales,147,14,2.57,11,1.73,121617
E1205,Alexander Lang,R&D,107,14,2.51,11,4.38,98556
E1206,Maria Carlson,Operations,155,58,4.36,0,4.81,53954
E1207,Pamela Edwards,IT,126,25,4.07,30,1.55,33190
E1208,Carla Robinson,Finance,143,42,4.34,21,1.85,115897
E1209,Brett Peters,HR,184,18,4.37,0,3.91,127879
E1210,Tara Walsh,IT,200,52,2.64,7,3.22,55671
E1211,Rebecca Williams,Operations,197,21,3.61,20,3.67,69595
E1212,Michael Meyer,Sales,157,57,3.08,13,2.71,123445
E1213,Pedro Smith,Marketing,100,11,2.8,23,2.81,79263
E1214,April Greene,HR,127,33,4.54,13,2.61,31154
E1215,Kimberly Smith,Marketing,118,53,3,25,3.58,80425
E1216,Kathryn Guzman,Marketing,132,34,3.56,21,2.41,101904
E1217,Rose Cross,Sales,172,50,3.08,1,4.66,120627
E1218,Sandra Hamilton,Sales,189,42,4.4,19,1.58,129446
E1219,Jeffrey Paul,Marketing,103,26,2.57,3,2.46,36561
E1220,Jessica Morton,R&D,165,43,3.9,22,4.63,63056
E1221,Elizabeth Castillo,Sales,213,15,3.12,0,2.32,65583
E1222,Christine Durham,IT,110,25,4.38,30,3.7,104393
E1223,Colin Flores,HR,150,55,2.73,20,2.7,64929
E1224,Joanne Sullivan,Sales,118,15,4.88,4,1.46,76190
E1225,Jennifer Wilson,Finance,162,12,3.58,2,3.29,125971
E1226,Mrs. Jennifer Miller DVM,HR,219,58,4.6,26,4.65,63500
E1227,Cassandra Marshall,Marketing,168,29,3.47,9,3.78,104457
E1228,Harold Green,R&D,168,50,3.57,2,3.08,99785
E1229,Mackenzie Barnes,HR,119,50,4.76,18,3.41,44509
E1230,Justin Hall,Finance,111,57,3.8,16,4.69,110113
E1231,Dana Parker,HR,105,19,4.3,11,3.58,142865
E1232,Katelyn Bradshaw,HR,205,47,2.9,8,2.26,142515
E1233,Grant Butler,IT,158,60,4.34,14,1.15,31014
E1234,Latoya Jones,Sales,112,33,3.04,30,2.02,79432
E1235,Richard Olson,IT,114,45,4.2,0,1.95,147653
E1236,Jessica Vazquez,R&D,206,8,4.14,0,4.53,85453
E1237,Benjamin Alexander,R&D,159,16,3.61,20,2.19,118481
E1238,Judy Miller,Marketing,191,11,3.74,30,3.92,81509
E1239,Benjamin Juarez,Operations,191,21,2.68,16,3.38,61298
E1240,Andre Lee,HR,133,35,3.84,19,3.28,100382
E1241,Shannon Sanchez,R&D,183,60,3.46,15,1.45,131186
E1242,Mary Cruz,Marketing,157,58,3.34,15,3.4,116770
E1243,Ashley Williams,IT,189,21,4.15,4,1.84,143199
E1244,Daniel Shea,HR,135,40,4.1,0,3.97,72221
E1245,Annette Bush,Sales,169,51,3.74,19,3.68,82433
E1246,Mary Cruz,HR,179,53,4.09,1,1.19,146794
E1247,Dakota Becker,R&D,192,18,3.2,26,4.11,144334
E1248,Shawn Houston,R&D,154,48,3.62,9,2.86,127658
E1249,Jessica Simon,HR,213,39,2.82,2,2.24,125912
E1250,Jennifer Morrison,IT,188,56,4.39,27,1.24,84469
E1251,Michael Zimmerman,R&D,195,13,3.16,7,1.94,49936
E1252,Megan Robertson,HR,126,39,3.69,23,3.68,143798
E1253,Cheryl Parker,Marketing,218,13,3.91,8,3.09,136697
E1254,Alexis Hall,R&D,114,24,2.78,29,2.92,78266
E1255,Kimberly Simpson,Finance,174,37,4.02,5,3.56,140373
E1256,Juan Mora,Sales,155,18,2.75,6,4.52,38573
E1257,Breanna Kelly,Marketing,211,8,3.2,29,4.99,119509
E1258,Beth Rodriguez,Marketing,136,8,4.3,23,1.18,87577
E1259,Jason Fowler,Sales,170,48,3.64,10,1.58,138098
E1260,Kristen Nelson,Operations,205,42,3.37,8,1.41,131541
E1261,Robert Simmons,Operations,102,30,3.22,5,3.84,75618
E1262,Melissa Branch,Sales,203,17,2.96,6,1.51,137504
E1263,Richard Johnson,HR,174,13,4.31,20,1.13,40120
E1264,Stephanie Henry,Finance,195,11,4.81,2,3.62,104679
E1265,Brittany Mcbride,R&D,149,14,3.62,2,3.99,102459
E1266,Matthew Davenport,Finance,130,52,3.65,8,4.11,108876
E1267,Melvin Browning,HR,156,55,3.24,6,3.36,96441
E1268,Erica Nolan,Operations,192,44,3.88,10,2.34,100679
E1269,Deborah Schmitt,IT,143,47,3.54,22,2.65,117348
E1270,Tammy Love,IT,191,9,4.88,7,4.73,138519
E1271,Julie Alexander,Finance,166,37,2.92,5,1.78,48050
E1272,Bill Trevino,Sales,159,54,3.44,12,2.83,109782
E1273,Heather Doyle,Operations,175,53,2.52,8,3.62,92592
E1274,John Johnson,Finance,152,11,4.36,1,3.62,41749
E1275,Alice Newman,Sales,117,23,3.74,22,1.36,128160
E1276,Rebecca Bentley,Operations,128,43,4.61,0,4.88,140434
E1277,Christine Williams,Marketing,112,27,2.78,25,2.88,126156
E1278,Colleen Johnson,Sales,150,26,4.3,7,4.66,40927
E1279,David Alvarado,R&D,182,46,3.06,6,1.48,38677
E1280,Jonathan Clark,Finance,194,36,4.66,29,3.04,107901
E1281,Shannon Smith,R&D,208,27,2.92,27,2.62,91718
E1282,Monica Edwards,R&D,187,37,4.67,14,1.25,36949
E1283,Mr. Thomas Ward,IT,123,51,2.58,18,2.31,84346
E1284,Zoe Moody,IT,175,38,4.1,6,2.08,52221
E1285,William Mata,Finance,105,47,3.36,9,2.66,77345
E1286,Joseph Rodriguez,Finance,116,51,4.7,7,2.16,75303
E1287,Mary Miller,IT,214,6,3.78,20,2.59,120666
E1288,Gerald Robertson,IT,124,14,3.75,11,4.09,138595
E1289,Christopher Sanders,IT,190,55,2.64,29,4.66,139793
E1290,Michael Lee,Finance,120,52,4.47,29,1.76,67414
E1291,Thomas Walsh,Finance,151,42,4.35,24,1.14,63145
E1292,Alexander Gould,R&D,166,42,2.87,22,4.14,134766
E1293,Nancy Espinoza,Sales,134,18,3.31,3,2.86,131544
E1294,Benjamin Reyes,Sales,136,16,3.68,22,2.4,44342
E1295,Krista Wade,IT,173,29,2.55,18,3.91,117115
E1296,Shane Baker,IT,147,38,3.97,10,4.61,112578
E1297,John Richardson,HR,131,29,3.31,0,2.18,143973
E1298,Kimberly Smith,IT,156,30,4.28,20,1.53,73719
E1299,Kelly Williams,IT,218,35,4.54,13,3.47,52285
E1300,Robert Woods,Marketing,152,51,4.67,3,2.48,123906
E1301,Tara Oliver,Finance,171,7,3.54,26,4.48,98064
E1302,Cheryl Sims,Marketing,128,24,3.81,22,4.24,125097
E1303,Karina Sandoval,Operations,120,18,2.98,0,4.59,94563
E1304,Cassie Rodriguez,Sales,120,19,4.59,20,3.18,75287
E1305,Mary Beard,Sales,137,35,3.36,25,2.88,48550
E1306,Bryan Garcia,Sales,172,9,2.52,15,1.83,79544
E1307,Bryan Roberts,HR,207,46,2.61,4,1.97,55660
E1308,Christopher Dalton,Marketing,131,29,4.91,24,3.51,122724
E1309,Timothy Mcneil,Operations,158,29,4.99,5,1.76,63693
E1310,Robin Patton,Finance,136,24,4.21,13,4.72,94640
E1311,Daniel Walker,IT,152,15,4.58,27,4.75,147951
E1312,Travis Nicholson,Sales,100,60,3.21,4,2.71,30153
E1313,Sabrina Martinez,IT,125,43,3.54,5,2.23,66739
E1314,Michelle Baker,Finance,139,53,3.09,13,4.85,109757
E1315,Jeffrey Hernandez,IT,218,40,3.35,15,2.49,45121
E1316,Robert Sims,Marketing,201,36,4.54,29,2.99,147684
E1317,Gregory Aguirre,Marketing,204,25,3.48,7,4.56,101692
E1318,Bailey Rogers,Sales,162,11,4.2,0,4.82,47108
E1319,Edwin Kennedy,R&D,199,36,2.69,11,2.87,95122
E1320,John Sullivan,IT,115,36,2.52,5,2.36,87238
E1321,Lisa Moreno,HR,207,48,4.32,6,1.76,58094
E1322,Priscilla Ortiz,Operations,128,9,3.86,25,3.94,110369
E1323,Adriana Hudson,Marketing,159,59,2.63,3,4.47,75779
E1324,Tyler Mitchell,HR,163,33,4.37,3,3.49,100553
E1325,Jennifer Davis,Finance,195,51,4.25,12,1.79,58222
E1326,Audrey Howell,R&D,204,11,4.54,2,4.34,110070
E1327,Austin Lutz,IT,177,42,4.09,10,2.63,130146
E1328,Ann Taylor,IT,196,6,3.48,30,2.85,57486
E1329,Emily Rivera DVM,HR,180,25,2.56,29,4.73,121998
E1330,Andrea Goodman,Finance,139,18,3.74,29,2.39,95819
E1331,Jill Rogers,Operations,182,23,3.49,5,3.14,140292
E1332,Kathryn Hawkins,R&D,203,16,4.45,10,3.16,39082
E1333,Angela Tyler,Marketing,175,34,4.86,22,1.89,84416
E1334,Christopher Juarez,Finance,195,56,4.67,29,1.18,97336
E1335,Daniel Li,R&D,215,34,3.22,1,2.95,30604
E1336,Nina Walker,R&D,193,25,2.56,6,2.17,70623
E1337,Donald Mack,R&D,113,7,3.96,22,1.32,116796
E1338,Victor Butler,Finance,141,26,4.3,27,1.55,83107
E1339,Stephanie Martinez,HR,160,36,2.78,19,3.1,146776
E1340,Jade Valentine,Finance,220,58,3.96,5,3.4,46832
E1341,Steven Rice,Marketing,170,28,4.09,28,2.48,104880
E1342,Lisa Miller,IT,203,43,3.76,23,3.96,147021
E1343,Megan Schneider,Operations,152,40,3.33,7,1.76,78612
E1344,Aaron Stokes,HR,214,33,4.34,13,1.2,53989
E1345,Paula Walker,Sales,134,28,4.81,21,1.62,64612
E1346,Jerry Galvan,Finance,124,36,4.81,6,4.75,125162
E1347,Jill Garcia,Operations,204,52,3.12,17,2.69,127388
E1348,Travis Stevenson,R&D,113,27,3.48,4,1.73,129216
E1349,Andrea Butler,IT,166,9,4.82,3,4.32,61110
E1350,Kayla Griffin,Operations,105,16,3.49,13,3.36,116350
E1351,Glenda Aguilar,Sales,175,57,3.52,10,4.43,107061
E1352,Travis Williamson,HR,112,49,3.59,15,3.35,113825
E1353,Allison Mooney,IT,162,52,2.83,28,3.73,116141
E1354,Ronald Santiago,IT,198,51,2.94,5,4.88,116361
E1355,Robert Ruiz,Finance,138,22,3.6,22,4.49,81413
E1356,Cristina Wilcox,HR,183,60,2.86,17,1.96,90586
E1357,Jeremiah Young,Operations,103,50,2.59,1,3.22,104362
E1358,Katrina Ramirez DDS,Marketing,102,48,4.83,13,3.71,123252
E1359,Charles Andrade,Finance,200,30,3.35,14,2.82,136735
E1360,Paul Edwards,R&D,219,35,4.58,18,4.28,77505
E1361,Jeffrey Oconnell,R&D,142,51,2.95,27,2.45,133764
E1362,Michael Mitchell,R&D,162,10,3.4,13,1.82,114351
E1363,Steven Bartlett,IT,102,20,3.59,20,3.15,96322
E1364,Sandra Walker,Marketing,116,19,3.44,10,1.84,78704
E1365,Robert Wade III,Finance,180,6,3.81,27,4.29,98214
E1366,Ryan Villarreal,IT,199,5,3.67,16,4.63,106368
E1367,Fernando Garcia,IT,140,22,4.86,14,4.67,49898
E1368,Brad Bennett,Marketing,152,33,4.23,24,3.83,36842
E1369,David Williams,Finance,171,25,2.54,27,1.54,122946
E1370,Jesse Martin,IT,146,44,3.94,28,1.7,57582
E1371,Laura Stewart,Marketing,176,43,3.58,23,3.16,62532
E1372,Mr. Kevin Mills,R&D,134,51,3.11,12,3.51,127050
E1373,Julie Long,R&D,158,35,4.34,22,4.38,143998
E1374,Elizabeth Hanson,R&D,147,25,4.92,6,1.86,48695
E1375,Cassandra Lin,Operations,118,28,4.61,13,2.8,69136
E1376,Beverly Bullock,Finance,123,30,2.75,0,2.16,32454
E1377,Jason Salinas,IT,127,51,2.7,6,2.85,133353
E1378,Susan Pearson,R&D,187,13,2.84,15,2.36,85664
E1379,Ricardo Greer,IT,177,8,4.12,13,2.96,69317
E1380,Gregory Hicks,R&D,201,33,2.91,14,4.31,54539
E1381,Carol Logan,HR,205,46,2.91,14,4,123775
E1382,Jeffrey Vega,HR,169,44,3.71,6,3.06,104918
E1383,Holly Sanders,R&D,120,43,2.88,12,4.07,133059
E1384,Benjamin Pitts,R&D,143,41,4.79,2,1,73583
E1385,Pamela Phillips,Sales,108,60,4.54,21,3.89,80799
E1386,Samantha Hernandez,Finance,115,29,2.92,18,4.94,117356
E1387,Kylie Blevins,IT,180,10,2.77,23,1.5,149877
E1388,Bryan Long,HR,139,19,4.94,25,3.15,34956
E1389,Richard Boone,HR,121,38,4.34,26,4.31,119825
E1390,Mark Donovan,Marketing,170,6,3.41,30,1.85,130231
E1391,Margaret Carlson,HR,218,44,2.58,2,1.06,107457
E1392,Melissa Martinez,Sales,200,33,3.41,9,4.83,30973
E1393,Jeffery Perkins,HR,189,47,4.84,20,1.62,91678
E1394,Justin Payne,HR,198,12,2.89,2,1.67,86711
E1395,Johnathan Hood,Finance,156,33,3.91,22,2.73,68809
E1396,Victoria Miller,R&D,206,53,2.87,29,4.4,53377
E1397,Lori Robinson,Finance,155,12,2.9,9,1.12,98080
E1398,Tyler Brewer,R&D,135,46,4.53,7,3.9,46573
E1399,Michelle Montgomery,HR,165,35,4.14,29,3.04,105892
E1400,Sarah Thomas,Finance,199,18,2.59,27,1.82,47154
E1401,David Castillo,IT,144,31,4.96,25,2.23,55661
E1402,Carl Duran,Finance,176,17,3.68,0,1.68,119050
E1403,Roy Hodges,Finance,213,46,3.8,0,2.94,61347
E1404,Crystal Murphy,HR,209,5,4.7,12,2.92,60714
E1405,Justin Singh,IT,211,8,2.83,25,2.08,33916
E1406,Matthew Mercado,Finance,173,14,2.6,16,2.74,112949
E1407,Christina Henderson,Operations,150,31,3.73,14,3.29,96336
E1408,Scott Sweeney,HR,160,47,3.55,10,1.8,87709
E1409,Holly Johnson,Operations,210,48,3.52,27,4.53,120241
E1410,Nancy Hall,Sales,102,44,3.7,15,1.69,124281
E1411,Tammy Clayton,Marketing,186,25,4.49,8,2.65,102093
E1412,Brian Burton,R&D,183,39,3.21,23,1.23,89297
E1413,Shawn Mccoy,R&D,168,42,4.46,20,1.39,57569
E1414,Katherine Newton,R&D,103,33,4.25,4,3.27,122174
E1415,Jacob Delacruz,IT,217,34,4.27,12,2.5,139685
E1416,Anthony Taylor,Sales,166,50,4.51,10,2.99,135326
E1417,Dawn Stevens,HR,181,58,3.2,0,1.97,100305
E1418,Erin Swanson,HR,135,50,3.69,21,4.1,134300
E1419,Benjamin Graves,Finance,146,22,2.72,10,3.23,35882
E1420,Tony Burton,Operations,138,48,4.3,7,4.83,61453
E1421,Maria Anderson,HR,126,59,4.28,9,3.96,77624
E1422,Amy Farley,Sales,112,30,4.48,9,1.58,132273
E1423,Kristine Woods,R&D,186,13,3.35,5,2.76,135870
E1424,Christopher Castro,Marketing,154,45,3.32,23,2.65,133160
E1425,Joseph Adams,IT,136,20,4.35,28,3.5,77437
E1426,Nathan Daniels,Sales,164,34,3.06,29,3.79,58214
E1427,Courtney Woodard,IT,190,36,2.71,16,3.07,59624
E1428,Jessica Thompson,Operations,129,42,2.81,6,1.77,126273
E1429,Joseph Green,IT,112,51,3.08,1,2.37,72930
E1430,Derek Anderson,IT,182,42,3.86,1,1.79,55035
E1431,Mark Chambers,Marketing,136,40,3.32,24,4.5,87644
E1432,Heather Thomas,Marketing,220,29,4.24,16,4.57,57397
E1433,Stephen Guzman,HR,154,27,3.47,3,1.53,110198
E1434,Lisa Hansen,HR,151,25,4.23,17,2.45,45292
E1435,Timothy Sims,Marketing,205,44,4.89,30,4.06,145235
E1436,Billy Young,R&D,182,21,3.15,24,4.74,128076
E1437,Michael Schneider,Finance,177,57,3.38,19,2.7,57642
E1438,Robert Duran,HR,125,5,4.32,27,3.94,40816
E1439,Jason Singh,Operations,125,55,3.57,11,2.25,112632
E1440,Steven Fisher,HR,132,40,2.76,8,3.87,56675
E1441,Heather Thomas,HR,215,14,4.96,8,4.94,46821
E1442,Christine Juarez,Sales,220,53,2.89,29,1.05,147580
E1443,Michael Sanchez,Operations,118,14,3.16,27,2.72,65532
E1444,Kara Mendez,HR,112,34,4.63,27,2.13,32754
E1445,Angela Mckinney,R&D,110,38,3.29,29,1.84,98033
E1446,Catherine Carrillo,IT,171,31,4.91,27,3.77,97707
E1447,Heather Parker,Marketing,138,22,4.98,12,3.55,93820
E1448,Kimberly Lopez,Marketing,209,52,4.7,13,2.17,137511
E1449,Alicia Coffey DDS,Finance,117,60,3.89,9,1.5,51655
E1450,Cynthia Hernandez,Marketing,216,14,3.45,19,3.27,140507
E1451,Benjamin Francis,Sales,149,58,3.82,14,2.81,49480
E1452,Vanessa Cameron,Marketing,101,37,3.61,26,4.04,122771
E1453,Frederick Carter,Operations,153,31,3.19,23,2.91,126139
E1454,Amber Perkins,Operations,175,35,4,18,2.81,63149
E1455,Dean Warren,Finance,183,48,3.83,0,1.51,57103
E1456,Jeremy Obrien,R&D,153,44,4.74,29,3.02,111542
E1457,Henry Lopez,Marketing,166,23,4.82,30,4.37,88853
E1458,Rebecca Jackson,R&D,115,11,3.13,15,4.85,74415
E1459,Melinda Walker,R&D,163,31,3.98,26,3.18,56296
E1460,Daniel Levy,R&D,113,18,4.2,8,3.57,120781
E1461,Natalie Jones,HR,127,24,4.53,23,2.25,135320
E1462,Brian Davis,Sales,220,59,4.21,30,2.19,49668
E1463,Louis Jones,Marketing,211,32,4.12,1,2.97,129566
E1464,Andre Elliott,Sales,146,9,3.8,20,4.15,65906
E1465,Rebecca Mendez,Marketing,205,21,3.27,15,2.6,146496
E1466,Leon Hood,Operations,194,28,2.84,29,2.57,49159
E1467,Karen Aguilar,Operations,115,40,3.28,10,3.98,110509
E1468,Loretta Parker,Sales,220,20,2.68,17,2.14,136430
E1469,Rita Garcia,HR,143,50,4.24,0,1.5,41778
E1470,Tasha Sullivan,Sales,111,44,2.87,19,2.53,106725
E1471,Brittany Mejia,R&D,165,42,4.27,7,2.26,99578
E1472,Jessica Wright,Sales,181,59,4.78,21,4.84,38226
E1473,Kyle Manning,Finance,151,22,2.97,22,4.12,107594
E1474,Jessica Preston,Operations,114,26,3.6,21,4.87,113600
E1475,Monica French,IT,138,16,2.94,7,2.36,50775
E1476,April Nichols,Finance,146,30,4.28,1,1.66,113513
E1477,Alexander Clayton,Marketing,196,26,3.27,14,2.07,95708
E1478,Kevin Hester,Marketing,103,48,4.72,12,3.57,99085
E1479,Michael Nelson,IT,212,22,3.49,4,3.12,126917
E1480,Candace Chung,Marketing,125,56,4.64,29,3.21,71137
E1481,Stephanie James,HR,146,57,4.98,14,4.26,60119
E1482,Jordan Brown,IT,138,28,2.81,23,3.87,38317
E1483,Jeffrey Rich,Sales,193,29,4.1,25,1.35,144199
E1484,Lisa Ellis,HR,137,39,3.64,14,1.37,99570
E1485,Michael Thomas,R&D,104,5,3.61,1,3.46,139835
E1486,Laura Hill,Marketing,195,8,2.6,24,2.93,149987
E1487,Mark Reilly,Sales,104,10,4.75,12,3.43,93681
E1488,Rebecca Levy,HR,194,8,3.54,20,3.58,133346
E1489,Trevor Macdonald,Finance,111,42,3.51,21,3.52,51618
E1490,Sarah Christian,Marketing,132,5,2.56,7,1.29,47235
E1491,Samuel Villarreal,Operations,217,8,3.18,22,2.38,78874
E1492,Jeffrey Armstrong,Marketing,190,55,3.1,27,4.07,32847
E1493,Kimberly Lopez,Operations,129,34,2.85,10,4.87,136734
E1494,Angela Mosley,Marketing,200,30,2.74,9,3.26,49892
E1495,Andrew Young,HR,121,47,3.76,24,3.89,46617
E1496,Emily Snyder,Finance,195,33,4.58,12,2.31,122606
E1497,Marc Combs,Finance,121,24,4.27,13,1.72,133192
E1498,Raymond Benson,Sales,151,40,4.33,2,3.76,57303
E1499,Anthony Powell,HR,135,46,4.94,14,4.63,108610
E1500,William Brown,HR,157,44,4.48,15,1.37,149721
